ID,ProfileName,Date,Review,Rating,Helpful,Colour
R3TXG6YE9G2JU0,nandani,21-12-20,Sound quality More than expected awesome speaker,5,80,Blue
R12YVPWWVBD0FI,Salman khan,27-12-20,A good speaker to play your music Playlist with a good voice clarity.,5,78,Black
R2LI96EMJPM7I9,Kuldeep Singh,05-03-21,Waterproof,5,49,Black
R13DXHTESIF6V2,Alex,07-10-21,Paisa Wasul !!,5,16,Red
R2ZYV24XX6J5EW,Aniket,10-10-21,Just go for it its pocket rocket speaker üîä doesn't feel cheap bass is good enough for room,5,5,Red
R2JZ54VATXL05F,Mohit R. Anand,30-09-21,Amazing product. Paisa wasool,5,4,Blue
RIGBRXJO5XSP8,Tubai,14-10-21,GO FOR IT...,5,3,Red
R288DH3ZNK2VU9,Souradip Dasgupta,01-10-21,Nice good speaker,5,3,Blue
RSGS4UQZ2FUZY,Paras,23-12-20,Need to improve packaging,5,3,Red
R30R9V6A954FXP,Nikita Asukar,30-01-21,Good service,5,2,Black
R2F2XWNYCQCDHS,ashpra,07-11-21,Wonder product,5,1,Blue
RB8GE1Q0BD4II,Amazon Customer,17-11-21,Awesome purchase,5,1,Blue
R1V2NZWTYEHE7G,Ebenezer Isaac,08-09-21,Best for value,5,1,Blue
RVWRO6UZ7AA4S,Alok Das,19-03-21,Worth it and value for money üí∞take it during sale,5,1,Black
R92TM8KSTCAMA,tushar gangarde,24-09-21,AWASOME ü§©,5,1,Black
R15ZOLPNBIFVJU,Siddharth parmar,15-02-22,Awesome product,5,1,Black
R2KIKIULKJP89T,Amazon Customer,24-02-21,The best affordable speaker,5,1,Black
R3F95X03KWX3W5,Kaushik Sarkar,28-01-22,Excellent,5,1,Black
R376L8HZ4POW3R,K S Maheshkumar,29-09-21,Best product in this price,5,1,Red
R3I49MXNUE5M4W,Jai singh,23-09-21,Nice thanks for giving me üòòüòòüòòüòòüòòüòò,5,1,Blue
R39Y8703T8BHLZ,smit,20-09-21,Awesome üòé,5,1,Black
R1DFFNV9KMFVSJ,parveen,28-12-20,Very nice products,5,1,Red
R1WP1DSYK0HTOA,lubna siddiqui,16-11-21,Honest review,5,1,Black
R2J9LC1W02DXIT,Karunakar,27-01-21,Awesome as per price,5,1,Red
R11G5R68P5WCKN,Chauhan Harshil,19-12-21,It is very good product and come with a budget,5,0,Black
R1NJU0AAZLFM21,Janamejaya,09-01-22,Packs a punch,5,0,Black
R16F9TG57C2JBP,Charvie Verma,26-01-22,Must buy,5,0,Blue
R2KRL36YDBTTD1,Partha Pratim Das,25-12-21,Fantastic Speaker,5,0,Red
R2WGQGG5RC80DZ,shridhar,17-02-22,Must buy if you ears are in pain,5,0,Red
RPVLYDV75C4GQ,Ashish M.,19-10-21,Value for money...!!!,5,0,Black
R3OOQGFKVF5M68,Bhawana goel,20-01-22,PROS & CONS,5,0,Blue
RQ22D8XMP07IN,Jojo,20-10-21,Awesome,5,0,Red
R2J071U54VNJC5,Harsha sree Degala,14-12-21,Best one,5,0,Black
R29QJXRVIDBDS2,Susheta Das,18-11-21,Fab for a budget friendly speaker!,5,0,Red
R1SLOMP0GS5N62,Ashish,10-12-21,Good,5,0,Blue
R3RX1CRBZI1H4B,Mudit Sinha,03-11-21,Product is great but Package was open like checked by someone in transitbefore delivered to us,5,0,Black
R2WBGJ2TS03ADO,pravardhan,11-02-22,Sound Quality & East to Carry anywhere.,5,0,Red
RAEKCWH7AEDWX,Amazon Customer,01-02-22,Boat is always the best.,5,0,Red
R1BV7LEQ6P3I2G,GOPI KRISHNA,22-03-21,Value for money and sound quality is amazing üëèüëå,5,0,Blue
RPUP8K3JQP8LW,JaiPrakash Singh(J.P.),24-10-21,Nice Product,5,0,Blue
R3KCC58AHYQZZQ,Danny,20-11-21,So cute ü•∞,5,0,Blue
R2J4R7ISXP8EPR,AMAL BABU,08-11-21,The battery life is awesome,5,0,Black
R3HV83WZRWLPI6,Vijay,13-10-21,A lovely one,5,0,Blue
R1RYE9H2J17TWC,Adnan khan,27-02-22,Good deal but price should be bit low,5,0,Blue
RVZJ47T8W6UDL,Mohit kumar,02-01-22,Good for price,5,0,Blue
R2TPMYWZC9TXU8,anupam biswal,10-11-21,Superb powerful stuff,5,0,Blue
R23ULRQ7UCT9WR,Shakeel,20-10-21,Boat is love,5,0,Black
R1P77EEP5NBMAZ,Biswajit sarkar,15-11-21,Just wow üòØüòØ,5,0,Red
R2XHU1NZ7SGRHJ,Rajan Ramamoorthy,21-06-21,Excellent product,5,0,Black
R3ABIJ4HZ46FRV,Arghya,31-01-21,üòòüòòü§òü§ò,5,0,Red
R3KWS8JE8S948A,Amba enterprses,01-11-21,Boat best quality Bluetooth speepkar,5,0,Red
R3A58ELA871C4Z,Joy Samvab Chowdhury,14-02-22,The best !!!,5,0,Black
R3OL528QMW4MCC,Daisy,01-11-21,100% recomended,5,0,Black
R2CQLO1S13G5DC,Saket,09-03-22,Good one.!,5,0,Blue
R2657N0PPW0U03,Amazon Customer,23-12-21,It‚Äôs good,5,0,Blue
R3DL4YRL01XHBM,Mrs. Sharma,24-02-22,Good product,5,0,Black
R1LFOZSEEFBA7D,laxmi,28-12-21,Excellent product,5,0,Blue
R3EZL4RX5E3Y20,dipesh,17-11-21,Very Very Good Product in this price range...,5,0,Blue
R2CCRXJMPDYGGU,Amazon Customer,14-10-21,best speaker you can get at this price point,5,0,Black
R3ILWIQ4OLNWJ,Mounisha,13-10-21,Awesome one,5,0,Black
R101YDLMPFW9L1,AS,24-12-20,Quality of texture and ofcourse the sound quality. the sound doesn't break even at max volume.,5,0,Blue
R3N6FIZ7OF0PDR,Ravi patel,25-02-22,Best with this price range... Really good,5,0,Red
R3J33MHA1PNTNK,Moon,23-01-21,Not brand new,5,0,Black
R11O62VHMZ6QO3,Vimaldas v,27-10-21,Great product for this price,5,0,Blue
R249857OX8OFMO,subhankar pradhan,06-11-21,Excellent,5,0,Blue
R3FI12FV4T51FF,subhadip,28-01-22,A very good product within a resonable price,5,0,Red
R2F7N21XTP6Y3B,PSR,21-11-21,Awesome pdt,5,0,Blue
R2ENKN5OLV7PWA,Santhosh Kumar K,17-02-21,Works like charm,5,0,Red
R27NRN1LSGAZLS,Naveen,18-02-22,Super bass quality product,5,0,Black
R2INWQSMC01WYA,Ragini Jha,07-11-21,Boat speaker,5,0,Blue
RH5EE90VLO27C,Suyash Dubey,21-10-21,Best at its price range.,5,0,Black
R1JNSDLHR62BEL,Rhythm vaishnav.,23-02-22,Overall nice product.,5,0,Red
RGCYJVHX4V5H6,AnnJo,20-11-21,Good buy,5,0,Blue
R3PLLTC5WR4PG2,pradip,01-02-22,Paisa vasul,5,0,Black
RI532LH6XH0E4,P K Ghosh,28-08-21,Good,5,0,Blue
R1EGIC3WR7E1V8,Y.TIRUPATHI RAO,27-11-21,Nice,5,0,Black
RVZPD7XNHYDJ0,Amazon Customer,17-11-21,Excellent Loudness,5,0,Red
RJP5UDR9V55N3,Manoj,09-02-22,Awesome product,5,0,Black
R1MCKVWIO06169,Kunal Sharma,11-02-21,Good deal,5,0,Blue
R3OLRRUXDBYN2N,Debjit sutradhar,30-03-21,"It's totally "" value for money"" product..",5,0,Blue
R3AAFHOOGA8IZA,Mohan singh,19-11-21,Staylis,5,0,Blue
R25L0HK8NSM5UH,Raj singh,07-03-22,Good product,5,0,Black
R246FAE8V462IH,Pavithra,01-02-22,Good sound quality...,5,0,Black
R2BX43LI2FC08R,Monugoyal,19-04-21,"superbb Sound qaulity, battery back up and  perfect look",5,0,Black
R1TASURC5NEN5M,Tahura Khan,05-02-22,Easy to carry.,5,0,Blue
R39LV2D6GJMRHJ,Isha Pragati,20-01-22,boAt Stone 180,5,0,Blue
R3VY7IH59M7XO2,Abhishek kumar,18-12-21,Good Audacity.,5,0,Blue
R5DB0EC8UCNSZ,Abhishek kumar singh,10-12-21,best,5,0,Blue
R1ARSYMVSCWH62,Mitti,03-02-22,Worth a try,5,0,Blue
R3IGJHKYIU3TUU,Srikanth d,22-03-21,Blue colour is looking good..,5,0,Blue
R1W8MZQGCMGOI2,prashanat,14-11-21,5 üåüüåüüåüüåüüåü,5,0,Black
R32U5XTR46VF78,Nikunj Joshi,30-11-21,Nice product,5,0,Black
R3GURE4J65M3Q7,Pawan Kumar,13-11-21,Almost excellent product it is.,5,0,Blue
RXNQU4SBJFNAM,Rishi devkar,16-01-22,Sound quality,5,0,Black
RJBMV9O5NO05T,Azraa F.,05-04-21,Good product,5,0,Red
RA0ASU3QFU8CJ,Dhaval Ganatra,11-10-21,Enjoy for work from home purchase good durability and clear sound.,5,0,Black
R2A6PH6ISKCG3I,Ayshvaryaa S,13-02-22,Worth for its price,5,0,Blue
R1HW15A4AVFMRF,Sanjoy,10-02-21,nice product,5,0,Black
R11WYTDW75H2L4,RUPAM,17-10-21,Best üëç,5,0,Red
R247E74SLM1R5O,David T Sangtam,05-10-21,Disappointed by battery life over all good,5,0,Blue
R3IXM14VOM12FO,Ramesh Kumar RS,27-08-21,Good,5,0,Black
R28JPYG6QL4X11,Rahul Jejurkar,24-01-22,Very nice. I Will recommend to go for it.,5,0,Blue
R8YF5W4S1FLXE,shyamraju,06-12-21,Sound not quality and battery back is very very weast,5,0,Blue
R8YU9NMEWLVJ0,Anwar,19-10-21,Nice one,5,0,Black
R3ENSQVWMFYU83,Ramanarayan behera,06-11-21,Boat brand product is very. Nice,5,0,Blue
RZ8UX6696B8XX,Murugan. A.,20-02-22,"Good Product,good bass all sounds super Amazing.",5,0,Black
R3M6IRELB4K76R,vaishnavi sreekumar,16-02-22,Great Deal ‚ô•Ô∏è,5,0,Black
RRKIUMMTWM9NK,Vivek Sharma,27-11-21,Nice,5,0,Blue
RGJ942OPRXSL4,Gowtham B K,08-11-21,Good bluetooth speaker,5,0,Black
R2BZPUA5AYLRUE,Subhajeet Patra,31-12-21,Yess the bass has no doubt,5,0,Blue
R3FXTF06LRG7QC,Gaurav,16-09-21,Quite good,5,0,Black
R1BYCELP5HN5YR,Shiva Chandel,12-12-21,Sound Quality and Battery Life is awesome in this price rate....,5,0,Blue
R3GX6ZO1K246HJ,Shana shahabana,11-02-22,Good one,5,0,Red
R3TLA2UXHZ5OFU,Honest Man,08-03-22,Good,5,0,Black
R2N1SFTYDGEOPV,Naman gupta,25-01-21,Sound quality was fantastic..,5,0,Black
R30WBO71K3D0AD,Mamta Jain,31-12-21,Good product,5,0,Blue
R27MCKU2DZWP9S,vikas kushwaha,16-02-22,Niceee,5,0,Blue
R1TIDR5T1QJ37Y,Koushik Nag,15-09-21,Nice sound with bass.,5,0,Blue
R3W36U9C98T89L,Mahima S.,17-11-21,The best!!! Budget Friendly!,5,0,Blue
R3EDVVBOU8DYE7,Ravi Shankar,25-01-21,Calling quality through this speaker is very good.,5,0,Black
R1714UFOH1JXH9,Mote sandip,10-01-22,Good qiliety,5,0,Blue
R562ZDX32N2GN,Priya,05-01-22,Worth for the money,5,0,Blue
R11T5YMRT49VDH,Dhanashri,06-12-21,Super product,5,0,Blue
R25PRMII76UPPP,Mahesh,22-09-21,Good choice in budget..,5,0,Black
R1Q9TJM7AQYZH,shana,06-06-21,Nice product,5,0,Blue
R1CP54HZKOWGYZ,Sandeep Gupta,12-11-21,Full on !!,5,0,Blue
RRX12ZG4I5K7F,Govind,11-11-21,Good sound,5,0,Black
R7ZJX8FH30OI6,Deepika,12-03-21,Quality is good,5,0,Blue
R33US34OHOKF9N,Sanjit Kumar Jena,08-01-22,Nice üòç‚ù§Ô∏è,5,0,Blue
R4Q0ET78PEQYZ,Rahul B,20-11-21,"Good quality, great voice quality ..perfect",5,0,Blue
RCFGKU4E28GF1,prabath,07-01-22,Not up to the mark,5,0,Blue
RJ0WRMJH9DOV7,Shivang raj mittal,10-10-21,Nice product,5,0,Black
R227Z7K2KUSK18,PRAVIN NARAYAN KUMERIYA,26-03-21,Wonderful,5,0,Blue
R1R1Q1EHYHW93E,Thilipanraja,27-11-21,Thilip,5,0,Black
R8OUQ6U7TAITG,Raj,07-03-22,Sounds like,5,0,Red
R1JNY285FQP18I,pratik p.,18-02-22,Superb sound.. blindly go for it!!,5,0,Red
R2TICC7X43ZWXC,Bhimal,12-01-21,Excellent,5,0,Blue
R255QTV7NZZM0V,Ganesh,30-03-21,Sound problem only,5,0,Black
R127H6ZYFN76N7,Kaushal,15-11-21,Beauty with quality,5,0,Blue
R3FAWCMQVU9KHW,Pooja ,10-10-21,Thank you Amazon for delivery of this awesome product one day before.,5,0,Black
R3OI09UUI4KVG3,Suman,20-10-21,Great product,5,0,Blue
R3O8TDIWW4KDG,Tapovardhan,13-11-21,Fantastic choice,5,0,Black
RM0ZPELFTZHDC,Vipul Sharan,05-01-22,Good product,5,0,Black
R1BF441H31B0QR,Rajesh Chhangani ,02-01-21,Sound quality,5,0,Red
R1AWRVF4GA64H8,bodhi,28-01-22,Worth to buy,5,0,Blue
R21ZZ4K0U31ACF,anup pandey,15-01-22,Superbbbb quality,5,0,Black
RAD3FJV913BY6,Akhil mohan,20-12-21,Its awesome no words. I like it. Looking so cute ü§†,5,0,Blue
R2UID286LZRWY6,Arun Sharma,09-12-21,Its awesome..,5,0,Blue
R1I9LJJ688285H,prashant kumar,22-12-21,Good Product,5,0,Black
RUBPWG7N6Z20R,Nikhil dadhich,25-12-21,Great product,5,0,Black
R3GLJVYD1VAYUH,Kishor,04-03-22,Worth of each penny.,5,0,Black
R2DEU0YCAVGFQX,Amazon Customer,12-02-22,‡§õ‡•ã‡§ü‡§æ ‡§™‡•à‡§ï‡•á‡§ü ‡§¨‡§°‡§º‡§æ ‡§ß‡§Æ‡§æ‡§ï‡§æ... Product is too good in this price range.,5,0,Red
RSD8TU5BD2L4J,Priya saini,06-01-22,Nice bt. speaker,5,0,Blue
R1FOLBHVFQHO6G,Man Mohan,17-12-21,Sound and battery life üëå,5,0,Black
R2646IDLX0KMW,Vishal,18-10-21,Sound quality is good,5,0,Red
R8EU0E88RBPN0,Debalina Dey,03-06-21,Awesome product,5,0,Red
R3CW6S5K64SXQG,Selvimuthu,01-12-21,This is one of the best and reasonable product . No negatives,5,0,Black
RCI1157Z0QN73,Ajay Kumar,21-07-21,good sound quality,5,0,Black
R1KQ0RPRNTVO69,Monica ,08-02-21,Good,5,0,Red
R17J2DZCB0VIO5,Ayush jangid,22-12-21,Good product,5,0,Blue
R2O7FLNY9V5DVH,gurpreetsingh,19-09-21,Very nice üëå Product üëçüëç,5,0,Blue
R3LCA0K1TO5JNC,sagar chandane,09-11-21,Best speaker.  value for money. Sound quality is best.,5,0,Black
R1P8KH0UFPGPWR,Ramya m.,11-09-21,Great speaker,5,0,Black
R31G900EP71YON,somnath chakraborty,07-11-21,boAt Stone 180 5W Bluetooth Speaker is very good.,5,0,Red
R21L8TCQE9CFOT,SIDDHARTHA.MAJUMDER,18-07-21,Nice..,5,0,Red
R1AM80TIF654IP,Harikrishnan ,12-10-21,Awsome Speaker,5,0,Red
R3QPDSAWJT2FS5,Annson Mathews,31-03-21,Auto off can be annoying,5,0,Black
R24B9QPRVB08CC,Vibha patel,09-01-22,Nice,5,0,Blue
R2750NKL2D098O,Noor Sayed,05-02-22,Very nice product,5,0,Black
R2GNM75TIDUBDV,Mohan R,14-02-21,Excellent Product,5,0,Black
R1LRWBG8HP2MNT,Muzahid pathan,18-10-21,Nice product sound quality is better,5,0,Black
R3R2FCMNOIRL63,G.Harish Kumar,08-11-21,Great product!,5,0,Red
R1S45VWFOBHJFA,Varun kashyap,07-03-22,Boat is dope üî•üî•üî•,5,0,Black
R3QEJM4HK9GR4M,Darshana Hadkar,03-09-21,Nice Product,5,0,Blue
R1B4Y6OXLBJ9V6,Ayan Banerjee,07-12-21,Good one,5,0,Red
R2S6T6JSHHFYF8,Gurjeet kaur,31-10-21,Good product,5,0,Red
RFMZJ6O9XVZE,nishanth,24-01-21,Very gud bluetooth speaker,5,0,Black
RKFF7H0TFRHSV,Vasanti  Avinash Raut,07-01-21,Best,5,0,Blue
R3CBWA9GSNMMW0,Samudhayaki,31-03-21,Good,5,0,Red
R1NX9QEP0MN17K,Pallavi Tamang,07-02-22,Very good product,5,0,Black
R1OL5F9MD4WQS3,Nikhil Chaudhary,09-12-21,Sount is good but batter is little bit short,5,0,Black
RCAZGIOBEPGDG,jayprakash mahilane,02-12-21,Best and Best 1 Indian,5,0,Blue
R3MQ52Z6WOFYCS,madheer kumar,24-10-21,Nice handy product,5,0,Red
R2CG0E9WU3QV50,Abid Ahamed,15-04-21,Nice,5,0,Red
R2NSJA12JUDLC2,Suvendu panda,19-11-21,Beautiful product,5,0,Black
RSIWRY7CRLW1K,Mahroj khan,08-07-21,Good,5,0,Black
RCTHMVGXYEQX4,Shruthi janardanan,30-12-21,Nice one,5,0,Black
R2E3XTR6GZ2KDS,Mangal Singh,14-12-21,"Value for money. My first delivery was defective, however they have replaced it within no time.",5,0,Red
R9PKY3DRJ70TB,Sachin,10-11-21,Amazing sound quality,5,0,Blue
R32EM5KIBNB9Y0,Shubhit,21-08-21,Bass is best,5,0,Blue
R1YD7WERKJGK38,Pratim choudhury,09-03-22,Beautiful,5,0,Black
R20N3K955CF5GH,Himanshu Raut,03-11-21,You can't go wrong with this,5,0,Black
R12E669NK24OFX,Srishti Pradhan,03-02-22,Awesome product. just loved it,5,0,Black
R1TRKNFKCZG92D,Mukesh Rana,12-01-22,Sorry.üôè,5,0,Blue
R13INL363XG2VI,raja prakash,10-12-21,Worth full product,5,0,Blue
R2VGTR57PNJZBN,Shobha Dattaram mane,10-02-21,This brand is very nice,5,0,Black
R99VVVNCXH0S1,Dheeraj dadsena,16-12-21,Awesome,5,0,Black
R3JO2B5SP16P3K,Prasad.s,23-02-21,"Super sound quality, value for the money",5,0,Red
R15O6SNTR380QJ,Daya,31-12-21,Worthy,5,0,Red
R149V8BW7GKZJA,Shaik abdulla,02-02-22,Good product,5,0,Blue
R1HXUW5QUS4KJX,Ganesh Shankar,18-12-21,West,5,0,Black
REJKE02UK2EZG,Deepa Shetty ,14-11-21,Boat Stone 180,5,0,Black
RGSGPE5SH7C9S,Manoj,12-10-21,Nice,5,0,Blue
R2JVQ5X0TIQ0RC,Ankita Das,16-02-22,Just awesome product‚Ä¶ value of money‚Ä¶ ‚ù§Ô∏è‚ù§Ô∏è,5,0,Red
R105W1MAOLQ3YS,Devansh,08-12-21,Best! I recommend you to buy it.,5,0,Blue
R25A9GAQPBH2M4,Taibu,20-07-21,Nice product,5,0,Black
R1XZ61AE6NZHL0,Ipsita,16-03-21,Great purchase,5,0,Red
R1FROESREAQ10P,Balamuralikrishna,18-02-21,Nice,5,0,Black
R94O5MIQZ0LA0,Rajeev,24-12-21,Good product,5,0,Black
R3DS1FB09K4J13,Yash tomar,14-10-21,Best product,5,0,Black
RHZ95B3LYFFSE,Lahari,11-02-22,Awesome product.its above the exception,5,0,Black
R1YWAZ92L4O4AI,Dinesh hindalekar,13-10-21,Value for money,5,0,Red
R5QX2H8VJRYM1,Umesh kumar,31-01-22,Awesome,5,0,Black
R1D72M5LG7D9OF,Akash,26-01-21,Boat üòòüòò,5,0,Red
R2LBUPMQDLVTN7,vijaykumar,06-01-22,Boat stone 180,5,0,Blue
R3BFWKSF5TCELY,Prapti Sarkar,08-02-21,Goood quality,5,0,Red
RN6VH7FZ4V46D,Eddy & Daddy Gallery ,21-01-22,‚ù§Ô∏è‚ù§Ô∏è‚ù§Ô∏è‚ù§Ô∏è,5,0,Blue
RQ9M0590EWDNR,Prasanth  K a,17-12-21,Very gud product.nice sound and battery life is longer.so go for it .it's worth of money üí∏,5,0,Black
R3AXCBPZ21JH3S,Binoy baisnab,27-12-21,Good,5,0,Blue
R1U3CR5M6FOGDL,Himanshu,30-01-22,üëçüèª,5,0,Black
R34YUT55ML7XO1,Ranjit Lakhara,18-10-21,Expectations fulfilled üí´,5,0,Black
R2S0G8J3QAEKXX,abhishek,21-09-21,Owwsame product üòç,5,0,Red
R1YEYR0KRXA199,Gowtham Raj,01-12-21,Good one,5,0,Blue
R1EXKNJZSM3CAF,Shivam,18-11-21,Sound,5,0,Red
REAK7F7G4ZKMW,Vandna B.,26-01-22,Very nice profuct worth for money...,5,0,Blue
R2W77OYR8PMUGI,Vishnu M S,19-11-21,Very Good product,5,0,Blue
R3FRGB6S49SG8D,Anish sharma,17-12-21,Nice speaker,5,0,Red
R1P9UO85EJKH8P,chandan Chakraborty,14-11-21,üëçüòçüëç,5,0,Red
R31VJN1M1NCDFS,Rohit,09-01-22,Good Products üëç,5,0,Black
RS3N1QDKMWB2,Hemant Kumar,07-02-21,5w sufficient enough in 10*10 Room,5,0,Blue
R1IAJK5ZZBEBUY,Payal,29-10-21,It's to good üëå,5,0,Blue
R1HLNTMFZ9YTQD,R,30-03-21,Vry good üëçüèª,5,0,Blue
R12AIDD1TPOPTU,Pavan Kumar Utalapati,09-01-22,Awesome üëçüëç,5,0,Black
R1VSTREJ46YB55,Neha Agrawal,07-03-22,Amazing,5,0,Black
R1ZTS8BWUP6K4C,Shivani,02-01-22,Really good and genuine product,5,0,Blue
R2R8P8WW25B0EP,aatish,21-11-21,Superb sound qualityüëç,5,0,Black
RF8ZG9R11TFO0,Mohammed Midlaj,11-12-21,Sound quality super and battery backup,5,0,Red
R30X2MO5E4LDZ9,Samyuktha,05-01-21,Good one ..go for it,5,0,Blue
R15FUVVXIZWNGI,Varun Ramu,10-11-21,Good to use and easy to carry out,5,0,Black
R2XV5U89MTODAU,oshin,17-10-21,"Best, no negatives to sayüëè",5,0,Blue
RA1ES9IZWK2R9,Sandeep rawat,27-01-21,Awsome,5,0,Red
R1RVMLZ0XA59KO,Mathew Simon,15-12-21,value for money,5,0,Black
R2ULDHAG31EVK8,Nitin,10-10-21,Awesome product by boat value for money,5,0,Black
R3RZQEHIMLKTZU,Ramesh Chandra Sahoo,23-01-22,wow,5,0,Blue
R12OQZVEUR2XYA,Rahul Khangwal,18-12-21,Awesomeüëèüëèüëè....,5,0,Black
R3QLVKWU70R2Q1,Sonu rai,19-10-21,The sound is awesome,5,0,Black
R2OWCAQ9ABXEWL,Premila,14-12-21,üëç,5,0,Blue
R1ZR0ICWT6NH9W,Sumit Garg,04-02-22,Must purchase,5,0,Blue
R20530HWX0NR3,Anurag Singh,17-02-22,True Value Product.,5,0,Black
R2R4JZ6W019N0W,Sanjay Singh,28-10-21,Excellent,5,0,Black
RKBMWKCDQ0LQQ,Vamsi,22-02-22,"Super , üëèüëè",5,0,Blue
R2WJMXEMOGF6ET,Avi,22-01-21,Nice,5,0,Black
R1KLG993T1KJNO,Sanskriti G.,10-02-21,Better than expected,5,0,Black
RWRLJW99N23B8,Amazon Customer,28-02-22,Good,5,0,Black
R1MRAGXVCCGPK5,Gurveer,26-11-21,Loved it,5,0,Blue
R2S7N44UQTAJ09,faisal farooqui,25-01-21,Nice,5,0,Black
R1EV3GEOB7ATLB,Deepa Kanyal,13-01-22,Excellent product,5,0,Blue
R2RRIQZT76BDG1,sudhakar,08-02-22,Good,5,0,Blue
R1RTS3T4XKAOP9,Timir Ghosh,13-11-21,Nice,5,0,Red
R8ACE0JS4L8ZI,Anurag Singh,13-10-21,Great deal,5,0,Black
RX44IGAM9EQQA,Subhrajit Bepari,16-01-21,It‚Äôs really nice,5,0,Black
R3W0L27WOY75IR,Vinayshukla,31-08-21,Very osm device,5,0,Blue
R2PNXDMXM8W5UK,Praveen Kumar,06-02-21,Awesome product,5,0,Blue
R3AKHEU1NI8GZC,AKHIL,14-11-21,Good quality,5,0,Black
R3G8J5MK3V6Z6M,Ramchandra Neupane,02-02-22,Nice,5,0,Black
R32YA71ZSZJ9I6,Upendra chary,03-03-22,All good,5,0,Black
R22U43SUQY2SJJ,Raison luiz,18-11-21,Good,5,0,Black
RM6TTIW6LK4JO,Joshwa Martin,23-02-22,Best one,5,0,Blue
R3HYZYDD6EXQ8B,Devendra Mani Tiwari,23-03-21,nice,5,0,Black
R3PXAHV34ZAPL9,Mohammed abdul samad,21-01-22,Good product,5,0,Blue
R3KLNR50ZZ5F6L,Shubhra KS,24-10-21,Awesome speaker..,5,0,Black
R317NIVFK6T0JZ,Ramjan ansari,03-11-21,‚ù§Ô∏è,5,0,Black
R58TD4OWJ83B7,Dinesh kumar,13-11-21,Awesome,5,0,Blue
R397HO7VPU7RKU,Shahid Dayer,29-01-21,Plug to nirvana,5,0,Black
R3BIU5VAI2CSSH,N.somaraju,14-02-22,Good condition,5,0,Blue
RHNWP52BPMUPK,Raje,16-11-21,Worth for money if u r searching for only enjoy the music this also a best option,5,0,Black
R1CRSZGYI27SNH,Subham Das Chowdhury,28-01-21,Awesome,5,0,Black
R1EIV0FXA3SX0J,Diyotes,18-12-21,Awesome,5,0,Black
R2FJP0DN5IIS9E,Divy Deep,03-01-22,Amazing product,5,0,Black
R2RPS5SOAU5RBD,Ronakkumar Darji,30-03-21,Great,5,0,Black
R3MPI1TZH4J6ZY,Puja,25-10-21,Very nice sound quality,5,0,Blue
RAG92YKR3W5WW,Pattabhi Naresh,31-08-21,"Easy to handle , connet and disconnect  . We can carry any where we want",5,0,Red
R2EXH818MV3UV5,Nandu,09-03-21,high Sound with clarity,5,0,Black
RUJ2J1ZOLPOEL,Jeney,14-11-21,Bass quality is fantastic,5,0,Red
RGEKPKHMGT9AB,Suraj,08-01-22,Good product,5,0,Red
R3ECWIKU8RZDJH,Amazon Customer,31-12-21,Osm music üéµ and long time battery üîã I love boat,5,0,Black
RXXFPLQQ1PKWB,Gopal shinde,16-12-21,Awesome speaker powerful bass 3D sound good battery lifebackup,5,0,Black
R24JL360ECHBWO,Amazon Customer,22-10-21,Awesome product .,5,0,Red
R3JKE5XINK1IV3,Macdon,08-01-22,Best speaker I have own on  reasonable price . No regrets on purchase.,5,0,Black
R1U7GBB47WX8US,Abhijit Shome,03-02-22,Nice product,5,0,Blue
R2WFW3ABHH0TH0,Subha Das,13-11-21,Good quality,5,0,Black
RMYX4SJ8KCJX4,Fayiz,20-10-21,nice,5,0,Black
RXNC47D3OLW7B,B kumar,10-02-22,"very nice ,sound quality also good. For One room its is sufficient",5,0,Blue
RGF0QKVCH84UR,Mahesh,01-01-22,Good looking portable device sound quality very good,5,0,Blue
RZ7DF3ZEHXXJG,naresh shilpkar,07-01-22,The quality of product up to the ‚ù£Ô∏è,5,0,Red
R1MA47ES0L3Q3V,Shalini R Maurya,09-11-21,Awesome,5,0,Red
R31SL8N5B22LNL,Varun Kumar,29-12-21,Good product üëçüëçüëçüëçüëçüëçüëçüëç,5,0,Blue
RCS0VW1G1DSMV,D.PRASATH,11-10-21,Wonderful product,5,0,Red
R31Z1RH5LOZPVI,Chandukuntigorla,16-02-22,Excellent super,5,0,Blue
RRNXQI3UPQZPQ,Amar,15-02-22,Very nice product,5,0,Blue
R8UCVTIG7TPFH,ALOK KUMAR  BEHERA,05-02-22,Bluetooth Connectivity is not Good,5,0,Black
R14CGLBXEQMF3V, kiran ,21-12-21,Changed Bluetooth,5,0,Blue
R1P0BGU5FRNA3,Kuldeep singh,26-12-21,Saund is good ‡§ï‡•ç‡§µ‡§æ‡§≤‡§ø‡§ü‡•Ä,5,0,Blue
R3JO3JGW7YEUVM,Surjya Nayak,15-09-21,Finishing,5,0,Blue
R1MECJV8HCVHGY,Vijay kumar singh,13-10-21,Nice,5,0,Black
R2QRZSNKIWBWCX,Saran s,19-04-21,Value for money,5,0,Black
RE8RITICIE37I,Rimjhim Sahay ,11-11-21,Sound quality,5,0,Blue
RK8U26FYVAW79,Archana,14-10-21,Value for money,5,0,Blue
R2FPMA3BEB2GK0,Nanda Krushna Das,26-01-22,Amazing,5,0,Black
R36VFKCPUR2RY2,buddhadev Takri,12-01-22,Awsm speaker üîä,5,0,Black
R2WZOC33BJUKJV,Vikas soni,05-03-22,Good,5,0,Black
ROIFL0GLY1XCS,Santosh tiwari,01-01-22,About this product  no words to say,5,0,Black
R2K3M8KG72IER0,Shartaki Sadhukhan,01-02-21,Value for money,5,0,Red
R1TM70RRXURZKW,Narendra Kumar,14-10-21,Nice,5,0,Black
RVW7M3YYXFALU,Mahadev Das,10-02-22,Good Product,5,0,Blue
R22UQ6KG8RF4UR,Jaimin Patel,03-03-22,Super quality,5,0,Black
R1B8KZHMWM1B99,Madduri Sivasanka rao,28-10-21,Best sound quality,5,0,Black
R3OV7DUWX4542,navnath dawkhar,07-12-21,"Super service,and good quality products",5,0,Black
RIDIQ0M3LNRHQ,Abhishek Tarte,13-06-21,Best product,5,0,Black
RYDEK0AH975CI,Vamsi Varma N,12-09-21,Worth the price of 899.,5,0,Blue
R16ZBX41J6TU8D,Madhumay,17-04-21,Value for money,5,0,Black
R38Q24K7G9G8MC,Mevada Dixit Pravinbhai,11-02-22,Nice,5,0,Black
R3HXP20F415YSR,Sai,08-11-21,good!,5,0,Blue
R1EE4WH5W0JTFF,Rahul N.,26-02-21,Awesome,5,0,Blue
R2Z1LDZBA22RW0,Ekta Choudhary,14-10-21,It's really nice product. Most importantly very affordable nd worthy,5,0,Blue
R2WJ89FMT1YKTR,Ajay Rajyaguru,26-01-21,This device for home use is best,5,0,Black
R1RA3K3RR9JTG2,Asheesh Kumar,14-02-22,Super,5,0,Red
R2YN2IECXT2CCH,Lalithkishore,19-12-21,Amazing product,5,0,Black
R3VICW839U8X7U,Aditya Kothari,18-01-21,Superb,5,0,Blue
R27ZWR3W43ZL5S,Atul,13-10-21,Best product in 800,5,0,Black
R2VBSHC0SLJ03A,Abhishek Anand,07-03-21,Suitable,5,0,Black
R3OZYH5585NQ5O,Suresh J.,13-03-21,Value of money,5,0,Blue
R28YODLK7E1987,Sheela Raj,22-10-21,Nice,5,0,Black
R6Q5FCAILPCCX,md amzad,20-01-22,Battery üîã not working properly,5,0,Blue
R2Y0WTM10ZMEZO,Rajesh Kumar,01-03-21,Weldon,5,0,Black
R1QVERTD6WI6WM,Abir roy,09-02-22,Thank you,5,0,Red
R1C6L3UHIYLHG8,Sayanti Ghosh,02-01-22,Awesome,5,0,Blue
R1386ON1AZZLBJ,Elumalai,31-12-21,Speker,5,0,Black
ROMUV3J5B5X1L,Jitendra thakral,06-11-21,Superb,5,0,Black
R1TVGDXP4CLR51,Pavan Kumar Goparaju,09-02-21,Good value for money,5,0,Blue
R195HJQ1ZIUC3L,Salomi Corriea,19-11-21,Good sound quality üëçüèª,5,0,Black
R1281UMP3TPYVQ,Gaurav,24-11-21,Good one.,5,0,Black
RCIYMDL08EKU1,Kalyan,03-04-21,Nice product,5,0,Red
R3AI99KNR0P2LA,raman k.,21-01-21,Value of money,5,0,Black
R511XGPNW1JD3,Ankit gupta,29-04-21,Awesome,5,0,Black
R1XRN3AEDSA65F,sanket phanse,07-11-21,Nice,5,0,Blue
R14IY3HRZN3MZ4,lokesh,08-03-22,Superb,5,0,Red
R28XA6VDY7QOMS,Harshitha,31-01-21,Very nice music quality. Zero complaint so far and seems like worth the amount spent...,5,0,Black
R3FJL8H7NJQW,Sonatan Karmkar,23-03-21,Suppe,5,0,Black
R3DX86UYACQ9UW,Narayan sahu,14-11-21,Nice sound battery 10h play,5,0,Black
R2MV89F5B7M13V,Sukanta ghosh,19-03-21,good,5,0,Red
RLRLV7INW0ACQ,jaya prakash,29-04-21,Super,5,0,Red
R3PIT3DQKNZF6Z,Pradeep.k,14-02-22,Good,5,0,Black
RPEB7O6V6V2BB,jakkula Pradeep Kumar,12-11-21,Very good,5,0,Blue
R15ERDBZMJ5N6G,Abhishek,03-02-21,i am loving this,5,0,Black
R2VTXOBU55E9K4,Dharmendra kumar,05-02-22,Good product,5,0,Blue
R2ZSZ9GRSKHKZ1,Manish Anil Basantwani,22-04-21,Best,5,0,Black
R3OSSZLCHX8MIZ,Dharmendra kumar,17-02-22,Sound quality,5,0,Black
RNQQSB6QPA3KU,Amazon Customer,21-12-21,Good,5,0,Blue
RMTGEHBJYDIRK,Bharat singh,22-12-21,Excellent,5,0,Blue
R3PJDYC907X44B,vinod,08-01-22,Good sound,5,0,Blue
R1GJ6G3NHTATUI,Akash Paira,07-01-22,Nice,5,0,Black
R2K67M95FJJEUL,TAPAS KUMAR MOHANTY,24-12-21,Good,5,0,Blue
R3PYYKL65DLOEM,Siddhrajsinh vashi,29-01-21,Paisa vasool,5,0,Black
R2ZCZQUFIYEKAB,chandrakant keshav shinde,21-01-21,Very very good the Delivery,5,0,Black
R23L9E4ZIRCN27,Naresh B,25-12-20,It's perfect portable device,5,0,Blue
RYV5HXOXK3UGJ,Mohd ibrahim,07-01-22,so nice outstanding,5,0,Blue
R1CXAV4A48EV2G,Nishu kumari,01-11-21,nice,5,0,Black
R14OCZEPWP63ER,SRAVANTHI,21-11-21,Super,5,0,Red
R23CGDP77QGHP5,Srikrishna Bera,08-02-22,Very good,5,0,Black
RH1A1I2791GO4,Dipak goyal,01-01-22,Op,5,0,Black
R46Y2D3OLGB25,Md Belal,08-01-21,Mast,5,0,Blue
RP1SLR45S1B6R,Nitin Kumar,08-01-22,Very nice,5,0,Red
RXHX9WM82B7NG,Mukesh dudi,05-01-22,Sound quality is best...,5,0,Black
R1F7POISQPEVTF,Ujjual Jacob,14-02-22,"Just mind blowing , loved it",5,0,Black
R3EE1327IU1Z56,goulienkhuol,07-03-22,Good quality,5,0,Black
R2H71ADAVUOLSH,Shatrudhan singh,27-11-21,Great,5,0,Black
RY7H7WBFKSVU8,Sunil,12-09-21,Very nice product in good price,5,0,Blue
R3QJL91MT1T7HD,Mukesh,12-10-21,Nice product,5,0,Blue
R3EKV1994QEQGP,durga prasad yadav,28-10-21,Sound,5,0,Red
RFI432Y7U0XNS,tapan nandi,20-03-21,nie,5,0,Blue
R33IXX2QC5EPI9,Robin singh,14-09-21,Awesome,5,0,Red
R1V44UAZKZ55U6,Nirali solanki,11-09-21,Amazing products,5,0,Blue
R3JGXR91NFOAK4,krish,14-10-21,GOOD PRODUCT,5,0,Blue
RW85Q72SRHF6U,Rahul Uttam,16-03-21,Nice,5,0,Red
R26J8DFPKNIGL9,Sagarbabu,15-10-21,Thanks to amazon,5,0,Red
R242ZZP4WDTILU,Hitlar,27-09-21,Supar,5,0,Red
R1QXJZOEHH7RV,Debajyoti Dutta,22-08-21,Better,5,0,Red
R39ZHCHG6QOE0F,Rohit,06-09-21,üëå,5,0,Blue
R1HOK16KAWLU4P,Subhankar Banerjee,01-02-21,Boat Stone 180,5,0,Red
R12CTWCSDMUCEY,Anuvob,30-03-21,Value for money,5,0,Black
R38E9X2SHB184S,Vamsi,23-01-21,Awesome,5,0,Black
R1JLGROGY975VQ,Padma,27-01-21,Worth it ‚ô•Ô∏è,5,0,Black
R23MD0R92VT8KB,Jefferson Chingtham,31-01-21,Good product,5,0,Black
R30DAK7INTRXR5,Bhushan Hate,22-10-21,Awesome @ affordable price. 10 /10.,5,0,Black
R3EC861JTWTP0W,Parth katle,17-12-21,Never try full volume it's terrific,5,0,Blue
R2RMGH320FX5F4,Koushik Belel,22-11-21,It's Good,5,0,Black
R1EV943C2ETQLY,Sam parmar,15-11-21,Great product,5,0,Blue
R6M3KXB15K0T3,Amazon Customer,05-03-22,Best in this price range.,5,0,Red
RF1Y5ZIM5EHLX,Manish,10-10-21,Best product,5,0,Black
R1I53X68KY51X8,Samiksha,08-02-22,nice,5,0,Black
R1ASUZVVB6RN1H,Rajan,10-06-21,Worth a product,5,0,Black
R16QFERJA7PHMK,Sujata Das,22-10-21,Must but WoW products,5,0,Black
RTVGAVGQJV2PF,Ankit,02-02-22,The sound is clear and loud output waterproof also. 5 hours battery packup,5,0,Blue
R14D0OXOGC50I8,vijay,26-12-20,"Value for money only for music,not for calls",4,15,Blue
R2R5S6L4SKL5CN,Siddhesh Thukrul,05-01-21,Very Good Sound quality with Rs.999,4,15,Blue
R1I79K3SDGYVGK,Padmini Singh,27-01-21,Light weight.. good looking and superb sound quality,4,5,Red
R2JAW6N6QMDHWW,Sneha Kashyap,25-03-21,Great product for a prize of 999 only.,4,4,Blue
R2OV0PONP3W3U2,Sainathreddy,25-12-20,Excellent product..only problem is Specker turns off automatically when not using for 5 mins,4,4,Black
R1Y7CFFHKA4JM9,Sreehari U,27-12-20,A good BT speaker @ this price,4,3,Blue
R24L8TRQBQS9UH,Amazon Customer,01-04-21,Good.. but check for calling..,4,3,Black
R1RKZGGPZQT6TN,Sarath p.,05-09-21,Loved it ‚ù§Ô∏è,4,2,Blue
R1DKYERFN0NYIR,Tarun Ravindran,07-11-21,Its not so big and good for personal use,4,1,Red
R15JPBAHB50RK6,Amazon Customer,05-11-21,Not for Bass,4,1,Blue
R6HDBC4PT2BBA,C S Venkataraman,10-10-21,Good product,4,1,Blue
R3D6CBJW7T4I9Z,Paroms,27-01-22,Good for the price,4,0,Blue
R3HJOOVE6UT0O6,Geetika Mahajan,25-02-22,Good product but level of sound can be improved,4,0,Blue
R1TKILIMML5E6,Syed Faraz Ahmed,21-11-21,Good Product could have been better,4,0,Black
R2YCR85NX30K7Z,rajeev ranjan akela,08-11-21,"It is best for 10*10ft room, but for open space it is not much audible.",4,0,Blue
R23KA8XBD4BYSB,Alok Kumar Gangwar,01-11-21,Good product with discounted price,4,0,Blue
R3PNHPQN3Y3DX2,SAIF KHAN AHMED,29-12-21,BEST SPEAKER üîä,4,0,Blue
R1OJEP4IKTFGR2,Shahbaz,22-10-21,Lovely Bass,4,0,Black
R2X66OTZTCQH17,Shivam Varshney,07-11-21,Boat Sinked,4,0,Black
RYIIVNNVHEHGZ,Vinay Singh Kharayat,19-12-21,On average it's worth the money for ‚Çπ700.,4,0,Blue
R10RHNIUESS8X9,Priyanka S,10-03-21,Works great,4,0,Black
RGL1POKRYD9I3,JAB,23-01-22,Good product,4,0,Red
R2863RGUZ857QY,Mothi.R,10-09-21,The Sound was low,4,0,Black
RMLP7KBU8G33K,susantadeb sinha,03-12-21,Ok at that price,4,0,Blue
R17OG2NQES0OZW,Sagar pravinbhai kansara,20-11-21,Value for money and overall very nice product quality üëå,4,0,Red
RI2FMJC541YSW,Shruti,30-08-21,It's awesome üëå little bit bass is low.,4,0,Red
R1K9CPAGTI1MR4,Pranav R Kamat,18-11-21,Decent budget speaker,4,0,Red
R3PAVW6F3BI3A2,B.kavitha,12-11-21,Good.,4,0,Red
R2RNWXLW20TVZV,Suparna Bhattacharya,19-10-21,Best bluetooth speaker,4,0,Blue
R2CYFJTGGL39HH,Abhishek,01-02-22,Sound Quality,4,0,Red
R11AIQHQA14IMB,Kanika,10-01-22,Suggestions for Boat Ceo,4,0,Black
R2UKY5P1JOYOON,Shubham Mittal,06-03-21,Nice product!,4,0,Black
R1YKBEKNC9B1H0,Jeya Bala Sankar,21-01-22,"Good, I have bought it for online class to connect with Desktop and it works vide bluetooth",4,0,Black
RAJAZENC0SW3U,Amazon Customer,14-02-22,Compact size with good sound quality,4,0,Black
R1RN6Z28DKX4VD,PRASENJIT ADHIKARY,28-11-21,Sound good,4,0,Red
RSM03O3RCKD4Y,Harshit saxena,02-02-22,Good sound quality....üëçüëç,4,0,Blue
R38FRS5T1TXMGG,ABBAS ZAKI,25-01-22,Boat is really good for basic use,4,0,Blue
R81SN95OMHPXE,Jhankar Banarjee,23-11-21,Review,4,0,Blue
REDD07O33NZZS,Shobhit Srivastava,25-11-21,Good Product,4,0,Blue
R2LGOP77K4DV3L,Arvind gupta,10-04-21,Having very heavy baas quality,4,0,Red
R2IBJK8HR6EFLR,Saniya,21-11-21,"Great product, great price",4,0,Black
R54A4BMD2QWLV,Sharon Thomas,14-07-21,Battery sucks,4,0,Black
R3SILPO86TN0L3,Pranjal Ardey,20-03-21,compact speaker,4,0,Black
R29W3IEKD62L2J,Digvijay Singh,05-11-21,Awesome,4,0,Black
R1F76TQK6NNZK0,Amazon Customer,04-02-22,Good looking and portable but the quality is not much.,4,0,Blue
R37EPYDQE4H8LR,sivabalan,11-04-21,Good try,4,0,Black
RAQPOZ375QFZN,Ranjeet Doltade,17-01-22,Value for money,4,0,Red
R3QZMXEAOWXD2A,Chetan Bahuguna,24-05-21,Okay okay ...,4,0,Red
R3LOSSF1IG9SD4,Sandeep Dey,30-01-22,A Decent product at this price,4,0,Black
R1M2P70MH0CGMI,Kali Manjhi,20-01-22,It's is absulately Good and more comfortable for carry in any where I like very much this Device,4,0,Red
R3ACRJEHNHEPQP,Sivaraman,14-11-21,Genuine product for 799,4,0,Blue
R24I2783RUSLFA,Pankaj Panday,15-11-21,Can say good product in this budget,4,0,Black
R3VJ6346PIZXOZ,Purendra tripathi,08-12-21,Item quality,4,0,Black
R3P3BZRA88SVXA,Babu Mondal,09-11-21,Awesome Sound Quality at this price point,4,0,Red
R3I4IXC7YT97VI,Anshika T.,13-02-22,Good,4,0,Black
R1VVH5RA4F0UAG,vinush v.,02-09-21,Good one..,4,0,Blue
R3JURENL9BDZGI,Naveen,30-10-21,Product ok,4,0,Black
RWHSYLGP3UEDA,Amazon Customer,14-12-21,Nice products,4,0,Blue
R2NMXDTOP9YPNU,shubham modak,03-06-21,Its only for home use. Don't use it outdoor..,4,0,Red
R155XT9I0X1RAY,AJEET KUMAR,03-02-22,Good product,4,0,Blue
R3QJQ3GXGQDFYG,K S DEB,15-03-21,Darun,4,0,Black
R2KC1SFZ5TIQ5T,Priti Gupta,19-12-21,Average product,4,0,Blue
R2W4HU5TU060TC,shougaijam omesh singh,08-02-22,Best quality sound under Rs 1000,4,0,Black
R1DUBQTGQYAVJF,ashish,24-12-21,Good product,4,0,Red
R3OS8WOHHLTHM8,mohammed ameen,21-11-21,For money worth it....i'll love it..,4,0,Red
R13RC87CA6VGCJ,Edwin BJ,30-01-21,Decent portable speaker,4,0,Black
R259YC354QUYTF,shashank singh,17-02-22,Good product,4,0,Red
R1ZDGOE7OLF5DO,Jamil hassan,03-12-21,Good quality,4,0,Blue
R28NWZD1ASOJB8,SANTOSH KUMAR,24-01-22,This is contiusly discounted to phone,4,0,Blue
R23EUOCQAWDF19,Lalit Papnoi,07-11-21,Light weight,4,0,Red
R2VH81EAQTAL2N,Amazon Customer,23-09-21,Value of money,4,0,Blue
R1ANOQQVFD9G9N,Babul Mondal,24-12-21,good products,4,0,Black
RU15Z4LUUY67D,Sayyid fayas,26-08-21,Value for money,4,0,Blue
R1Z73CG7FHFXDX,Prakash K,24-12-21,Good,4,0,Black
R2ZU1WMY9NDSQF,Raj Kumar,11-02-22,Too good.,4,0,Black
R3TLR1K7EC3Y0T,sandeep kumar singh,20-11-21,Good,4,0,Black
REWXHL8X1158K,Subhangnee,30-12-21,Good quality product I am satisfied with product  all features are good and nice working,4,0,Blue
R1OX50A3OZKWDV,Sunil B.,18-11-21,Good quality,4,0,Blue
R1ONEN4F2ITU54,GTS,28-10-21,"Compact, adequate sound, poor bass quality",4,0,Blue
R1KFQBZGXG52AR,Amazon Customer,18-09-21,Worth of money,4,0,Black
RIOVJFEG8J6IJ,Malhar,20-02-22,Average sound quality,4,0,Black
R22REOGB82IJ9Y,Brij Bhushan Sharma,28-12-21,Good and fits in Budget also,4,0,Red
R2TVB6WM5G5G52,Atharva Pradhan,03-06-21,Sounds Good,4,0,Red
R14CZ91HHWJKUK,Devendra salode,07-03-22,Nice,4,0,Black
R2NJX0EGBHBR8B,Amazon Customer,02-02-21,Good,4,0,Black
R3G32AKV18TRLY,sourav dalui.,28-11-21,nice,4,0,Blue
R1HNL847B35U25,pradeep,06-11-21,Boat,4,0,Red
R26PVPRMWOCKM7,Suhel M Naikwadi,01-01-22,Love the speaker üîä,4,0,Blue
R12K3ESZ1NR7UE,Vipan Kumar,08-12-21,Good product,4,0,Black
ROK6STUNL3U42,Harsh,14-11-21,"Battery life should be more , otherwise product is good",4,0,Blue
R281X2UEA5GI6J,prakriti dutta mukherjee,27-02-21,"Not the colour shown in picture, the face is a bright postbox red and the body an orangish colour",4,0,Red
R16CD4W9E0AQ3X,Arshad Usmani,01-01-22,Good,4,0,Black
R2M5RIRMLY2D5Y,Aravind,17-06-21,Nice,4,0,Blue
R33Q9ZKVKPJR2T,Deep sarkar,12-10-21,Good product,4,0,Blue
R2JS6G5W13N0CN,Prajwal,29-12-21,Overall good product,4,0,Red
R30D2MKXXKBAT5,Anurag mishra,18-11-21,Nice,4,0,Black
R3K2296OYFVOE9,Arnab Ghosh,11-12-21,Good one.,4,0,Blue
R3KWDGRWIZX5IM,SANDIP BAKRANIA,06-11-21,Flipkart serv8se is good,4,0,Blue
RVNTRYZXJXOHR,Vaishnov,07-11-21,Easy to carry,4,0,Red
R3DX54OYJ5W2KV,Damanpreet singh,16-03-21,Buy this for compact design and good sound quality,4,0,Red
R22078I3YQT36S,balwant raj,09-01-22,Good,4,0,Blue
R145MO50JW4D5Z,Bala,02-01-22,Nice,4,0,Black
R2JPU2Z7FZ4IOI,Amit jain,24-08-21,Soft üéºüéµüé∂ And Clearüîàüîâüîäüîäüîä Sounds.,4,0,Red
R298O43V204ND,kiruthika,03-02-21,Satisfied,4,0,Red
R1P7V2O3WWULT8,Akbar,13-01-22,Good,4,0,Black
R1B1S9IXAQX5MM,Amazon Customer,27-03-21,Good one,4,0,Blue
R268H5QPKG6Y7Y,Ankit Raj,18-01-21,It's a brand boat warranty and all so can be acceptable,4,0,Black
R7TX90SLR3Z9H,Lincy.P.I,18-03-21,Worthy,4,0,Blue
R19Q7PSTII5LZ6,Shalem Pagare,23-11-21,Review,4,0,Black
R33UY6A6YJI9V7,poonamsingh,06-09-21,Sound is good excellent battery life and good to carry,4,0,Blue
RP0KSJ429GUS7,Chithra,16-06-21,Good,4,0,Black
R2G40HZO2YWNY9,SKB,17-01-21,Poor bass,4,0,Red
R36PZAFYVCI6IS,D Samaya Muthu,16-11-21,Good product,4,0,Blue
R1L9DYMGOJJPUH,BISWAJIT BARICK,25-10-21,Good product,4,0,Blue
RBPJWWV1XI1PF,Ashwini Vinayachandran,06-11-21,Amazing product,4,0,Black
R1RP8CRHJ77ATG,Srujani Rath,16-10-21,Noice,4,0,Black
R3J2AE88CABKYB,Shiva singh tomar,27-06-21,Look is fine,4,0,Red
R426IF4K5V6KX,nilesh landge,18-11-21,Sound quality,4,0,Blue
R22OLP6VU85RS2,Kadamanchi ajay,15-06-21,Good,4,0,Black
R2LHKB6R3J93UX,Zeeshan shaikh,07-09-21,PRODUCT QUALITY IS GOOD BUT SOUN IS VERY LOW,4,0,Red
R1AZBQC12MLLGZ,Arindam Banerjee,20-10-21,Boat stone 180,4,0,Blue
R8UOUXIRIYHBQ,Maulik H Soni,13-11-21,No bass,4,0,Blue
RR7VWLP51C8Z7,Guru Shyam,23-03-21,Good one for low budget,4,0,Red
R121EFPC3IUKBE,pv phaneswararao,23-10-21,Sound very clear and quality,4,0,Black
R369YOH59X4FWP,suraj pardale,25-09-21,sound,4,0,Blue
R28SRHN9E2SWRY,Munwarali,20-10-21,NICE SOUND QUALITY,4,0,Black
R2HED1RZHMZ4AL,gohil rajesh,02-03-22,Bass,4,0,Black
R17YE05146JCPW,Sumianshad,11-10-21,Best quality but knot is not best,4,0,Red
R2EM0B3DDWA0AD,k manisha reddy,31-03-21,recommended product,4,0,Black
RDOWF16G4Z8N2,Reetu,19-12-21,Nice,4,0,Blue
RCD9TA47TUYKN,Lohit bhowmik,14-02-22,Ok ok product,4,0,Black
R17E9YL5IG20A,Janardhan,20-10-21,Now sound is coming need to proper setup,4,0,Black
R2SOUV603J71CZ,Rohit,25-10-21,Charging issue,4,0,Black
R251R8NQRWSVT3,Hanzala khan,14-11-21,Battery life is really appreciable.,4,0,Black
R31SVYLJDO659R,Amazon Customer,25-11-21,Good,4,0,Red
RAMKS3V3HHR3D,Manjula.h,14-01-22,Very good productüëå  worth the money,4,0,Black
R26IKKCS3R2589,Mansigurung,26-11-21,value for money,4,0,Black
R24LUKIQHHR6RI,Hemant Dixit,26-10-21,Nice product,4,0,Black
R12FVM4JGFBTEQ,vijay chauhan,12-02-22,Average,4,0,Blue
R3FE31PFD0XUH3,Rajamouli,10-11-21,Ok üëå Done buy it üòä trust me small one,4,0,Blue
R9459P0MCBOU4,sksiddikullah,22-01-22,It‚Äôs original colour.....  It‚Äôs too bright red....It's not looking so good.....,4,0,Red
R29X9XK4RFD1ZH,Anil Kumar,02-03-22,Overall is good,4,0,Black
R1LEA0WCWNMNHO,SAUMYA DESHMUKH,11-02-22,Nice,4,0,Blue
RELRNRX7YP9MG,Syed,27-01-21,Worth cost,4,0,Black
R2IQL9EKTASA8O,Jackson,18-12-21,All,4,0,Blue
R28YD8EEW8WPF9,Narjina Yasmin 1,30-01-21,Good Product,4,0,Black
R29QX8GRBYEODD,Ekta vijay singh,08-04-21,Nice question,4,0,Black
R2JTEJ9N0XD23G,B Lakshminarayanan,09-01-22,Useful one,4,0,Blue
R27CJW7Z60UP5N,Vaibhav Barnwal,21-01-22,"It's very nice product ,sounds quality is awesome..",4,0,Blue
RII0CE9859E2W,abhishek d.,22-04-21,Best,4,0,Red
R3SS5YYIA8UZW5,Satish,15-01-22,Nice,4,0,Black
R3C1IXU43W40AY,Namita,26-03-21,Value for money,4,0,Black
R1KW0VJYS2H2NV,rocky shahi,01-02-22,Good sound quality,4,0,Red
RCP794VVXCGKT,Rehan Ayubi,05-01-21,Awesome,4,0,Black
R3T87DCE8BYJT7,divya,14-12-21,Justifies for this price..  its compact for my son online class..,4,0,Red
R3I99ME6RHTUTR,Amazon Customer,04-12-21,Ya good  value of money,4,0,Black
RSBKSIVQCF83N,Selvaraj,26-11-21,Very nice,4,0,Blue
RSMNLZDFV3SYS,Ravi pareek,28-01-22,Bass and treble dono ek saath nhi aate hain,4,0,Black
R198W4RU606XW0,Srishti sinha,01-03-22,Sound iss too good,4,0,Black
R25DRVHW3FGAS7,laxman,30-10-21,thread of the speaker already cutted and came with like this.,4,0,Black
R1WT1TMD7B8A2R,Manisha dhruve,02-02-22,Good,4,0,Black
R1BZNRVDSHX0VF,Virz,10-10-21,"Value for money , good sound in Single room",4,0,Black
RMJZI9BE9LZXL,Pallavi Ranjan,14-12-21,Love üòç it ‚ù§Ô∏è‚ù§Ô∏è,4,0,Black
R2BY5HRBGMZTP3,hemlata,11-01-21,Excellent,4,0,Red
R3ED0DOO8CHY5I,Monika Shinde Todkar,12-12-21,Good nice I like easy to carry,4,0,Red
R2OE8PABR8MPPE,Harishkumarmahawar,11-11-21,Good,4,0,Black
R1VRKJ2FFDC1XU,sivakrishna,21-03-21,Good product,4,0,Blue
RT5THBJPSRRKM,Srinivas Sri,02-11-21,bass,4,0,Black
R2OLOGFC07PS0O,Prince,23-10-21,Its good and become amazing if it provides good battery  backup,4,0,Red
R1XKF9ZB6GB9YR,Krishna,12-09-21,Good,4,0,Blue
R1UA3EYPG3S7O5,Mahi,18-08-21,Nice,4,0,Blue
R378H38D6LM0RQ,A.Fakkeerudheen,19-11-21,good quality speaker,4,0,Black
R1C8602QYSVQ1J,Bhavaniprasad,20-11-21,Superb,4,0,Red
R3AS89LN0O9NCL,Harshvardhan,24-10-21,Good,4,0,Blue
RCLLXXDJIUWM6,harshvardhan,17-02-22,Awesome,4,0,Blue
R1SN3188HF90O3,Diwas Pandey,22-03-21,Okey sound,4,0,Red
R9II4CZIBVQ4W,Nandakumar SA,06-01-22,Not Good.But Ok,4,0,Black
R1UDQHE1GGDMM7,chandru,11-11-21,Boston  Stone sound vera levelüîäüòç,4,0,Blue
R1T0YMT67KFNZ7,Panneer selvam,03-01-22,Super,4,0,Black
RY1D9YDMLNAET,suman,13-10-21,Its an only one most reasonable product for these price I said simply if want this please go for it,4,0,Blue
R1BVR3SFERQJ16,Anil T Pawara,28-11-21,Nice,4,0,Blue
R34S6LL5ZZTEC9,k.naveen kumar,26-02-21,Super üî•üî•,4,0,Black
R1ZR54M0T24IY5,Ram Prasad,02-01-22,Battery quality good,4,0,Blue
R1XDKJ9FV3VJW3,Theresa,20-01-22,Nyc,4,0,Red
R3V3447NCU2UJA,Dolly Singh,07-11-21,Good product,4,0,Red
RJXHH8NMPTN3A,Sujal badsar,11-11-21,This products  is really good in this price,4,0,Black
R18BA1HNEZQP6P,Amit Das,15-02-21,Quality,4,0,Blue
R8J7JG07H9ZLJ,B.Sarath krishna,18-10-21,It's  good product,4,0,Black
R23Z62ME6XSX64,Vasudev,15-10-21,Super product,4,0,Black
RMQROJLWWDRT2,Faraz ahmed,11-09-21,Value for money üí∞,4,0,Blue
R25LDRT8VVHP7O,Vijaya,03-01-21,Nothing,4,0,Blue
R2LVLNUMBWNA9B,Tarun Garg,18-12-21,Overall it's good,4,0,Blue
R2AXQA8KDPHG4Y,Rahul,31-01-22,"Value for money,i ordered it for Rs799",4,0,Red
R1BVZD8BW6F2HJ,sharad kachhi,09-03-22,sound and battery,4,0,Black
R29WMRUYJEBXPL,Rahul,10-10-21,Amazing product,4,0,Red
R1OM9LVKM29A1C,Rohit Kumar,18-10-21,Battery is not charging upto 100% .it is upto 90%,4,0,Blue
RR1FTO2OYH6U1,Neetu,13-10-21,"Good product , nice sound quality",4,0,Black
R9SH8JL4LISGM,Amy,21-11-21,Good for a small speaker,4,0,Red
R1PB5LHXEH3YK0,Mitali D.,23-01-22,"Sound good,  battery life not as promised",3,1,Blue
R21KJF4OJ6JGQ4,Dhinesh Sridhar,15-10-21,10 hours is a lie in,3,1,Red
R19C7681SC5DPF,Raghuphathi,08-10-21,For 799 this item is best,3,1,Black
R1BTAF3QIZ0CEK,frankleen seeralan,16-09-21,Small and loud!,3,1,Red
R36A3FOX1XBPBZ,CHANDAN,04-10-21,slow sound volume........ everyone will feel like there phone speaker volume higher than speaker,3,1,Black
R1MELD49AI35SC,Guna,12-10-21,Battery issue.,3,1,Red
R2VPXWTGHR0KAR,m  Sai manikanta,02-10-21,It had delivered within 16 hours so fast. It helps to listen online classes,3,1,Black
R1K74RER9Y22FQ,SHIVAM MISHRA,12-09-21,Weak Battery,3,1,Blue
RYIU8NRHHD7AU,Shubham,11-10-21,Battery life,3,1,Black
R26J47O5JQ02T3,Amazon Customer,07-03-22,Not compatible with MS Teams,3,0,Black
R2OSBIYLZCULQO,Palash,18-10-21,Average Quality Product!,3,0,Black
RS7ZJL892NFQX,Arun ,06-02-22,Disappointing product. Failure in battery. Didn't last even for 2 hours after full charge.,3,0,Blue
R1WJY9AI0YDMFH,Shahid,27-01-22,To low sound,3,0,Blue
R273ORJVJYZ83W,Mohammed Shakir MK,25-11-21,Sound quality is very basic,3,0,Black
R2ZCIEE9NPX2U5,swetha ,20-02-22,Too costly,3,0,Red
R3O5TVNWVMSSOS,Deepak Gupta,28-12-21,"when you want to change the sound by equaliser, it has no effect on the sound.",3,0,Black
R1D874ET9TSHJO,Tushar,02-11-21,An average product by boat,3,0,Blue
RT7EGDW2M6NO3,Vaibhav,27-01-22,Unable to connect to windows 7 even if bt drivers are installed.. I had to use aux cable..,3,0,Red
RVQLMIGK2Q46W,deshpande,27-02-22,overall good for this price..,3,0,Red
R298CA6FEN99HI,sakshi s,17-01-22,Product is good but Bluetooth connection has issuess,3,0,Red
R1KSAHF1H37K4N,Sidharth,14-11-21,It's okay for the budget,3,0,Blue
R3QTEO4WU0PS7U,Selva Kp,09-12-21,It's a ok product,3,0,Blue
RC3VV8KVQM2M3,Priyanshu kashyap,07-10-21,Good,3,0,Blue
R3H540Q1EVOOZW,Naveen Fernando,05-03-22,Battery life is not as promised.,3,0,Black
R2NKTMRUK3EXKZ,mohamed sali,10-02-21,sound good,3,0,Black
R9G1GIN9O29RM,Mann Saxena,09-10-21,There is minimum Audio clarity,3,0,Red
RFL7GU46AOCVW,Amazon Customer,02-09-21,Got a used product.,3,0,Red
RFD64QNPV33G4,Rupal mishra,15-11-21,Ok ok product,3,0,Black
R3FSAHUAWMJL7M,Amazon Customer,24-12-21,Need to improve voice level,3,0,Black
R5ZVAIDRZGCZZ,Amit Kumar kushwaha,07-02-22,Over all is good portable speaker.,3,0,Blue
RKHLCSBQ52BHK,Rakshu,30-01-21,Good for price.  Battery back up is less & auto disconnecting sometimes,3,0,Black
RUR519B79NNFD,Moni Chauhan,08-11-21,Sound is not good,3,0,Black
R1N3CK5XU9ZH19,Mohammad Asif,13-10-21,Very Nice Product Thank you Amazon,3,0,Black
RTSFYVWJSQDAV,Akhil Narayann,17-09-21,low sound while connecting bluetooth.,3,0,Blue
R13MRYNQAXYWI7,Ashutosh Gamit,09-01-22,Average speker,3,0,Black
R20V2VDG5RJSF5,Mrs. Arti Dahiya,11-03-21,Volume issue,3,0,Red
RUH2XIGTAUVFJ,Ashish Mishra,13-11-21,Quality is below average,3,0,Red
RFZ0D3V8V3O3C,Srikanth,09-12-21,Batter was very poor sound quality was awsome,3,0,Red
RUUY54DIWG7HK,Ritik PARKASH rao ,18-10-21,Boat speakers stone 180 very poor product,3,0,Black
R1KUV1S5ROULME,I_scream4u,06-10-21,Packaging,3,0,Black
R25LWWSXNNF01Y,Amazon Customer,27-02-22,It's okay not upto the level,3,0,Blue
RZ2KW2RBOSCWH,SARAVANAN,11-02-22,"Not as expected, sound quality is very poor",3,0,Black
R2G01Q2U0VZ1OP,Divyaa Panicker,28-10-21,Nice acc to price,3,0,Black
R13GQD1MNS2U5,preethi,15-02-22,Sound was not that good,3,0,Black
R1Q333BMG41YP8,Shubham Nautiyal,01-12-21,Not that good audio..... Wasted my money.,3,0,Black
RTS0YT8ACWIQ8,Lagnesh,23-10-21,Not satisfied with the sound,3,0,Blue
R3I7U1BBHA36OV,Debajyoti acharya,15-11-21,Jodi ar ektu update hoto,3,0,Black
ROUIVCIDTCYHG,KOTA KAMESWARA RAO,23-11-21,Poor battery life,3,0,Red
RJK7P4Z6XG443,Nicky negi,04-03-22,Not bad,3,0,Black
R3NKQF3JA1M8EY,Amazon Customer,02-06-21,"It's deschargin very soon ,,my boat is in warranty period but couldn't able to connect stores",3,0,Blue
R2GZXTB6OWUGSZ,Amazon Customer,08-10-21,Battery performance is only for 2 hours,3,0,Blue
R3HN69M4LQB78Z,Sumit kumar,14-10-21,Sound quality poor,3,0,Black
R1BTGDDBQVPJVD,mohsin khan,12-11-21,Average product,3,0,Black
R196622WNRBZF7,Mayank Suhasaria,13-01-22,Poor Battery Life,3,0,Blue
RASN4UAUELL7U,Mahi Jaiswal,24-02-22,Jyda maza nahi aaya... Jitna socha tha,3,0,Black
RVRWA3I31S21Z,Mohammed Moiz ,22-12-21,Please don't batteryüîã low,3,0,Red
R16XZM3VMY93AD,Monika,23-10-21,Clarity in sound,3,0,Black
RH44L77EZA74B,Anjaneyulu,20-10-21,Sound is slow,3,0,Blue
R27O44OS319C64,Heena,11-11-21,Sound quality should be better,3,0,Blue
R2JMGI83G0MTH5,Virothi Venkata Rao,16-12-21,Volume low,3,0,Red
R3RM7EGVP52TKP,MOHAR SINGH,10-11-21,‡§è‡§ï ‡§Ö‡§ö‡•ç‡§õ‡§æ ‡§∏‡•ç‡§™‡•Ä‡§ï‡§∞ ‡§π‡•à,3,0,Black
R2Y47L2LLGXGVK,Ram,30-04-21,Not worth buying,3,0,Black
RPQCX602R6SPC,Gaurav,21-01-21,Sound and Bass Quality,3,0,Red
R3G81J57G9BQS7,Ayush Gupta,25-12-21,Nice,3,0,Black
R4GSGZL9BFHC6,shivraj singh,19-10-21,my speakar not charging,3,0,Black
R38X11Z0MKAG62,Shivam Singh,02-12-21,Power off wen not used for 2 mins..,3,0,Black
R1K88EXDBFC7Q7,mir shakoor,28-10-21,It's a good product but price should be little bit less,3,0,Red
R24CZIYUBNJWJR,Amazon Customer,10-03-21,Ok,3,0,Black
RB7M3H943YQ6X,DN Gupta,22-01-22,Battery is not good but voice is good,3,0,Red
R7F19ZH232HN1,Payel Hazra,08-09-21,Good product,3,0,Blue
R25DTBZ7SU4L1S,jojo das,16-10-21,Good products but experience average,3,0,Black
RTXB6RBNN3E2D,raju sharma,02-02-22,Medium quality.,3,0,Red
R3KDKJUN1UHYOJ,Mazidul Islam Khan,04-10-21,Battery life 2.5 hours,3,0,Black
R32B3O9PSTW04L,Hitesh Choudhary,07-02-22,Best speaker in budget.,3,0,Black
R1B6RO7FKOY9VP,Harsh kumar,04-12-21,Sound is low,3,0,Blue
R1RNTQM338IMH5,Santhosh Correa,12-02-22,K,3,0,Black
R3VIWGXSA9EYZ9,SandipBhai,29-12-21,Wow boat,3,0,Blue
R2TYCWGSB30YNF,Sandesh nikam,02-12-21,Good product,3,0,Blue
R1VX6LEMUMWAF4,Sibaprasad Behera,11-11-21,Nice,3,0,Blue
R1PCRWW7FPLMKM,Bharat,04-04-21,Sound quality,3,0,Blue
R1HSLPNI2F9BTF,jeet saha,22-12-20,Better,3,0,Red
R3VJ3TIGEDP0HK,Abhay sahani,09-02-22,not,3,0,Red
R2SKOLW2VHMD05,Nageswari Kumar,17-10-21,Work good,3,0,Red
RHJO0STGEFM9S,ANIL KUMAR BAIRWA,10-02-22,Bakwas,3,0,Blue
RF1TYL9MIUZZD,suraj,06-12-21,Ok ok,3,0,Blue
R3DD5AVNYBDGIE,Jeeva,15-10-21,Battery life is low,3,0,Blue
R37YSGOVYNJQX3,Kishore babu,13-12-21,It was super,3,0,Red
R3U2J1AEW31849,saran kumar,28-11-21,Sound is good,3,0,Blue
R35PLKDCH2BB5X,Siddhika yadav,25-01-21,Can go for abetter option,3,0,Black
R1GSAACER47JPW,Subrata--Dey,16-09-21,Good,3,0,Blue
R22DU1YHIRRD3S,Sarovar Kumar,05-11-21,Nice look but battery Norm,3,0,Black
R2C7Q7JA6AYTFK,Skabukalam,28-11-21,Nice sound quality,3,0,Blue
R1387RFB7P6OVI,PRAGYAGAUR,28-02-21,Not so good,3,0,Red
R3OM59V1ZE52DI,Pranav,03-02-21,Er,3,0,Black
R2JO7OBME8E2S5,Virat singh,27-08-21,Battery backup not Good,3,0,Blue
R35AYA033T1KZL,KARTHICK,15-12-21,Ok,3,0,Black
RH6WJR6IYQMFE,Shambhu Baranwal,20-01-21,Nice,3,0,Red
RGNEY3BO5TCO6,sandeep darekar,19-09-21,Nice,3,0,Red
R27GKB30N6CSF6,Kalai selvan,11-09-21,Vibration while on table üòí,3,0,Black
ROHV75JB7J796,Anandh,01-11-21,Not a worthy,3,0,Red
R1IHMZ6XZ2RJL3,Sam T das,31-12-21,Its Fine,3,0,Blue
R300TZ02FM6W5N,Tom Marak,19-10-21,BUTTONS!!!!,3,0,Black
R11SVMMX9T09U5,Manikanta,10-02-22,Battery life is not so good,3,0,Black
RO6FRHKPV5SDW,Ashok K.,26-10-21,Battery backup is not good,3,0,Red
R23YKWEXHNM63G,Meet brahmbhatt,06-01-21,Gets discharged in 3 hours,2,5,Black
R1WEIPJOBIPLSP,Akhil,07-09-21,Sounds Quality is not good,2,2,Red
RDXM8W93B5D3,KettApayan,25-06-21,sound voice,2,1,Black
R1UHBDKSRTJZGZ,kairuthin,11-08-21,Boat,2,1,Black
RCOIWCDTZSYUD,Hritik r koli,14-01-21,Not happy,2,1,Black
R21EI8LSR8UUYL,LALIT,30-11-21,Worst Bluetooth Speakers,2,0,Black
R3E36XW3EXKPSE,Senthilkumar S,26-12-21,Not worth for 999,2,0,Blue
R1YFW7GWQB6I87,Divyanshi Chaturvedi,31-10-21,Battery issue,2,0,Blue
RCDCZLIKL9VGY,Vaibhav,09-02-22,Poor Sound Quality,2,0,Black
R2KWQQXA52UTTT,Arun,21-10-21,Disappointed,2,0,Blue
R3C2LOQCL8F773,Dharmendra,20-10-21,Quality is average,2,0,Red
R230J7Y0JUG2YG,Akshay Singh,08-02-22,Bass is non existent.,2,0,Red
R2Y9P5QQPRP120,ayushverma,21-11-21,Automatically disconnect to save battery.,2,0,Blue
R1UDR6VSQUDF14,Raghav Bhutada,08-12-21,Get disconneceted in couple of minutes if stays unused.,2,0,Blue
R10VMWGYD9TW6E,Pulkit,22-02-22,"Voice quality clear, but not that loud as it should be even for a 5W speaker",2,0,Black
R1CQFFYNQ5ZNV5,sairam,08-12-21,Sound quality is poor,2,0,Blue
R321FHEWD8XSFM,sundar ,15-01-22,Stupid software,2,0,Black
R2I3C7HYZ8BDHS,Dr.U.Sathish Aurobindo,29-12-21,Sound quality is not that good,2,0,Black
R2EIIK4BLCOYE2,VIKAS SINGH R KSHATRIYA,24-09-21,Overall good but sound very low.,2,0,Black
R2GO135BNBOGGT,Lyle Rodericks,29-12-21,"Terrible for music, great for calls",2,0,Black
R2GMEJY8UPFB46,chinmaya dalai,01-02-22,False battery charging Showing,2,0,Red
R1L8ID9RF3N8H3,buyer,29-11-21,Not good enough.,2,0,Black
R1HLTEYC5OV7NI,Manihrii,16-01-22,Bad sound quality.,2,0,Red
R8NYCCF35KTR9,madan,23-08-21,"Sir, no aux cable",2,0,Blue
R3LVV6VP9GSZB1,Swarnajit Banerjee,19-11-21,Bluetooth device is very slow to loading any song.,2,0,Red
R1QDF686CNP4QK,Siva,16-11-21,Don't go for it.,2,0,Blue
R3VDEY6N22WRKI,Rajan,26-11-21,BAttery,2,0,Black
RN9FTSWWVO3VW,DineshMahato,25-10-21,Battery back up is not so gud,2,0,Black
R38PFUS64JQDYY,Quazi Asem ,17-03-21,Good but not best,2,0,Red
R2LZED336H1LDD,Ajoy Barai,02-11-21,Sound is very low. not good,2,0,Blue
R1FRNZTWWW8UU8,Bobby,11-02-22,Not that much good,2,0,Blue
RKSJ84QRLM3S3,Dhanresh krishnaüíò,04-09-21,No bass sound quality Is nice,2,0,Blue
RGFWVGBDVNLDA,Machindra Karpe,02-01-22,Quality is not that good,2,0,Black
R14AFSJBI3QHBH,Amazon Customer,28-02-22,Not good product,2,0,Red
R24POZ9NQZ75FG,Shruti banshiya,07-11-21,Sound to low,2,0,Black
R3BMYNM3L4PC8S,Mohit,09-12-21,Not good as expectations,2,0,Blue
RR8MYPHA7QSF9,Sahil Naik,02-11-21,Bass is too high that couldn't hear the lyrics,2,0,Black
R384BIZI1C5J27,Rathan local,02-02-22,I got second one,2,0,Blue
R38T6R1A0MT6F3,Pindiprolu bharadwaja,25-10-21,Bad quality product,2,0,Black
RZUJQKSP0604A,Bibin Babu,19-10-21,Bad one from boat nirvana,2,0,Black
R15MBNJ9PUWNM8,surbhi,22-01-22,product might be good but packaging is worst ... totally worst ... worst of worst ..,2,0,Black
RD5BMVB17QRYR,Ganesh,15-03-21,Mic issue,2,0,Red
RQEWGG6X81F8C,Manichandra,19-11-21,There is no base on speaker,2,0,Black
R32KZ3U1YF9S25,jeya Ganesh,10-01-22,Low sound quality,2,0,Blue
R3Q1RS7TS98CJW,Krish,13-10-21,the product has good in hand feel but the sound quality sucks,2,0,Red
R2I839I96IEDTU,Savita singour,14-10-21,Good,2,0,Black
R27JNXQ2SO5JOJ,Razzaq,22-10-21,Woking time 2.5 hours..,2,0,Black
R3LC1YLI2E5183,Praveen Kasaudhan,26-12-21,Volume is low,2,0,Blue
R2DGLGEQ5OBE1X,Ajeet Kumar,16-11-21,Low battery life,2,0,Red
R10L2SNB6SXB4N,Priti Gurav,02-12-21,Battery life very poor,2,0,Blue
R14J9IE486D6JJ,Umesh khushlani,24-11-21,No bass,2,0,Blue
RBVGXMDZ6NX7J,jagadish,16-01-22,Play time 3 to4 hours only,2,0,Red
R2SDZ97YP3826B,Mohammed,09-01-22,Sound okay but battery worst,2,0,Black
R3375EJ538IAAA,Nivedita,30-12-21,Battery backup is not good in 60% only 3 songs we can listen it's false that battery backup is 3 hrs,2,0,Blue
R29EJA67AHP6MZ,Hemant j.,26-11-21,‡§¨‡§π‡•Å‡§§ ‡§Ö‡§ö‡•ç‡§õ‡§æ ‡§™‡•ç‡§∞‡•ã‡§°‡§ï‡•ç‡§ü ‡§π‡•à,2,0,Blue
R3EMA3K3EUPAF7,Santhi,27-12-20,Charge,2,0,Blue
RKP5KK091KCYO,RAHUL RISHI,14-10-21,Sound quality is not good,2,0,Black
RQ6TE8V8VBTR5,saurav,03-11-21,Connectivity issue,2,0,Blue
R3GC7JS4AI7X6G,Pawan kumar,08-11-21,Na,2,0,Black
RF7RH1Q0Z9XST,Raj Kumar,15-10-21,Battery life very bad,2,0,Black
R3KNYX9JHK5O4O,Thakor Rajesh,07-12-21,Battery Life Bad,2,0,Black
RZWIWIRFTDXFA,ajeet kumar,09-11-21,No dj sound,2,0,Black
RWD6B0GZW8J56,GUNURU PADMAVATHI,21-10-21,No,2,0,Blue
R279P4BAF3Q0A,Aninha,15-12-21,Not worth at all,2,0,Blue
R10NBDD5V8T9R3,Ali kaseri,18-10-21,Not happy with sound quality,2,0,Black
R6GFTWHRAE2BU,P.Bhargav,10-10-21,Waste my time Money lose,2,0,Black
R1L0QGAVIXC37I,Salman khan,05-11-21,Mediam,2,0,Blue
R15SYJ9JWKOSQ9,Bikash das,17-09-21,Sound quality not good,2,0,Blue
R2E29EVUFR22OJ,Prasanna,01-12-21,Waste purchase,2,0,Black
R2C289QQXQJXT2,Sanjaykumar,23-11-21,Low sound and battery life,2,0,Blue
R2SCOWEZDYI7NF,Srivenkatesh k,16-02-21,Not worthy,2,0,Black
RWX4H04VTOBVI,Ojus Arora,01-03-22,Okayish,2,0,Black
R483IDD7AU9NQ,Srikanth,13-12-21,Sounded low after 60 days,2,0,Black
R3E2XLGQEXXL7S,Suman,22-12-20,Not performing as specified,1,124,Blue
R1OCZXAK5U8Y9C,Perspicacious,21-09-21,I received a Tampered/ refurbished/ second-hand/ Non-functioning and Smelly product.,1,21,Black
R3LT8PPMEJLLA3,Ravi sharma,02-01-21,No return option,1,12,Red
R3TJ74OE9R98G2,pankaj chauhan,08-01-21,Its not more sound..,1,12,Blue
R2CF1JXX25AW7K,Balachandra B K,23-10-21,Does not work as expected 0/5. Totally useless product.,1,6,Red
R2KU3KF201EFQL,Lochan Pemmaiah,14-02-21,Sound quality is  Good.. Product quality very bad,1,5,Black
R21WW76SG8IGZ6,Ankur Vishnoi,09-02-21,Product is not as per description,1,5,Red
R78ZCGNRFHV1M,Amit,21-01-21,Low sound!,1,2,Red
R19DWFP74OMYI8,Nikhil Bansal,14-09-21,Stopped working 10 minutes after opening.,1,1,Black
R886EPLNH331H,Golam Masud,28-10-21,Bluetooth range should be proper..,1,1,Blue
R14BL7235G7XVB,Jeet,11-11-21,Not up to the mark,1,1,Red
R1QMM7B3SHAURY,Dhvani mehta,13-01-21,Never order ever,1,1,Red
R2DUXCN55R9J1V,zeeshan,24-12-21,Worst sound quality,1,1,Black
RVTHIHJOH96JX,Gayathri,02-11-21,Battery capacity is too low,1,1,Blue
R1ECSV2BXA35GE,kirankumar,07-11-21,First 2 days working fine after 1 week bluetooth not paired,1,1,Blue
R2BSHRTHZTW5UR,Ekkaluri Sathya,12-10-21,"Worst product,",1,1,Black
ROD08QYEW6Z4F,Nitin c.,23-01-21,The product delivered was not branded,1,1,Red
R1PBBOGVF7O6HE,Balram diwakar,12-10-21,Boat lene se accha koi local spekar le lo,1,1,Blue
R3VREJSMM2PTRP,Jagbirthapa,08-10-21,West of money,1,1,Blue
R2XH0FWC56H29S,Thomas d manuel,06-01-21,Bad customer service,1,1,Blue
R1H28QE1UO2GL,Amazon Customer,17-11-21,Boat is froad,1,1,Red
R36FO2428I882V,Sachin yadav,31-12-21,Defective peace,1,1,Blue
R2IGTHZOPASLCJ,Abhishek,12-10-21,Bad product,1,1,Blue
R2BE1XPCU8COQN,The Reviewer,30-10-21,Not worth the money,1,0,Black
R3MFBILE2S35JK,Certified buyer,12-12-21,Worst Boat ever,1,0,Red
R32KNG2NKP4L4A,Shweta ,25-11-21,Bad battery --New speaker battery work 2hr only,1,0,Blue
R1OXF39IDVPQOU,suraj rao,01-02-22,Don't waste your money,1,0,Blue
REWFNNB1AUJK5,Paulin dar,07-11-21,Didn‚Äôt work with alexa,1,0,Blue
R2SQI1GIX0MLJR,Amazon Customer,21-12-21,Not working,1,0,Blue
RGM4006GUD983,VINAY S.,14-10-21,speaker Quality issues,1,0,Black
R2D81J8QHDQXPM,Meghana,30-12-21,This Bluetooth speaker stopped connecting to phones or any other devices.,1,0,Black
R2T19XQ8DQ8HXM,Maheshwar Chauhan,29-12-21,"Bluetooth connection is bad, not working with Bluetooth connection",1,0,Blue
R23T33FR9ILW6N,Manisha,05-11-21,Quality issue,1,0,Black
R20AVFCUFO8GRU,Amazon Customer,31-01-22,Erratically starts playing like mobile radio,1,0,Black
RCZHU6GIEDF6N,vijay sonar,12-12-21,No use,1,0,Blue
RX9CBSHVD4032,PREETI SHARMA,13-10-21,Scam,1,0,Red
R22EID2MLB6ZEH,Rahul,01-12-21,Not value for money,1,0,Red
R11ZNK4V9Q794E,Madhavi Patel,11-12-21,The battery lasts hardly for 2 hrs..,1,0,Black
R3N3EKEI5AI6WR,Thileeban j.,11-10-21,Very very disappointed. Packing came in good condition only. But not working properly,1,0,Black
R10KUT2R945YF9,PRIYASIMIYON,27-02-21,Radio connect not working,1,0,Red
R55TGG1BD8AQU,Pri,21-03-21,Bad,1,0,Red
R2Y7QXB2OJEH4U,Swaroop B S,22-10-21,Disappointed with the very low sound level,1,0,Red
R134V3P52W2EKV,Yuko Kondo,09-02-22,Don't buy,1,0,Black
R2Z5GML3R3HVY,Ashu,27-12-21,Worst battery life .,1,0,Black
R14QX5NVD1KMJ7,Sourav Das,08-11-21,Could not connect with laptop for Webex call,1,0,Blue
R1L6APFRVEZY59,Irshad Irfan,17-10-21,not satisfied enough,1,0,Black
R15XI7USXQO7T5,Anirudha Sengupta,24-10-21,Poor battery life. Automatically disconnects.,1,0,Red
RT3NBQBIRH9ZM,suchita Bhargava,01-10-21,Very bad quality,1,0,Blue
R2CAHF0GPOFFC9,yugandhar,04-10-21,Not working,1,0,Blue
R2B4W9GYMOUYT4,atanu mahajan,06-11-21,Worst speaker.,1,0,Blue
RQWIB3898850W,Raj Kumar,28-11-21,Not value for money,1,0,Blue
R3PQM4J0IECP67,Abhishek mishra,02-12-21,Need to be customize in sound and battery quality.,1,0,Blue
R8XHTTA8GWOYA,Chandu,23-11-21,Failure of boat design,1,0,Red
R375O90G01FXB9,Palanivelan ,17-11-21,It's like a normal speaker not much bass,1,0,Black
R3U9L1RE8O8AO1,Faiz,24-10-21,Battery life sucks,1,0,Black
RPBAABHTWHO8X,Mohd Faran,10-02-22,Bluetooth connectivity is very poor,1,0,Red
R1V3N76OHBRIOU,Subhash Babu V,29-10-21,Booked for return but strangely it has not been replaced so far,1,0,Black
R8LH2Y55RUU2I,Mithu Das,27-01-22,quality of the product is not good,1,0,Blue
R16VQUWNF61V7V,Navya,19-10-21,Waste of money and time,1,0,Black
R2WLODKHN6703Z,Varun Anand,09-11-21,Not worth it it get auto off and everytime need. Too turn on to connect a new. Song,1,0,Black
R1L8QC0EJO6KDB,Sushree,05-10-21,Not getting charge after 10 days,1,0,Blue
R1HY6HRGO8JVQ9,DK SMART,23-11-21,Not working properly,1,0,Black
R1ZLW8T9OWEMHA,Sharad jagtap,08-12-21,My device is not working properly. I sent complaint.  Check before order,1,0,Red
RLZIU77IELSRZ,Ananya Bhowmik,11-12-21,Very very very low quality products,1,0,Blue
RZZKO0648XZKN,Mohammad Shakir,09-10-21,Item defective or doesn‚Äôt work,1,0,Black
R19W2DKVYE4HZX,P.K.S.Manikanta,05-11-21,Packing spoil,1,0,Blue
R1M27Q4R890YPI,MUKUL SHAHI,21-12-21,Amazon very poor service rust product Amazon staff talking style very bad,1,0,Blue
R22R10T0J1PS11,Tharun sai,21-01-21,Don't buy,1,0,Black
R3KE4X9WFG27U9,Saichandra,20-02-22,Really bad!,1,0,Red
R1P4ST6BFAWFFI,sai srinivas pamula,26-02-22,Battery drains faster,1,0,Blue
RQEN7ZWF59S1Z,Chander p.,24-10-21,Auto off after some minutes,1,0,Black
R22T2F7YGN21IU,Krish,31-10-21,The item ordered was already used and was in damaged state,1,0,Blue
R166E38ZQI36B2,Ranjana,04-01-22,Not good in stand mode,1,0,Black
R2HSF1G1PLF5JV,Shahrukh khan,22-03-21,No protection,1,0,Blue
R1R3XMDV0H2H5R,Ganesh Jambunathan,01-10-21,Microphone and Speaker dont work together. Cant use for conference calls.,1,0,Red
R54JCWFA80QZI,sachin upadhyay,28-12-21,Sound quality is not good and color is different of product,1,0,Blue
R3G5Q96U2WVXTG,Ashish ranjan,14-11-21,Defective item,1,0,Blue
R1Q6DURV0PN8DW,Rachit Jain,03-01-22,Pathetic output,1,0,Black
R1CLA7XHID2MNC,Jitender,05-11-21,Volume low,1,0,Blue
R2B9U4V4YB4G65,HARISH SHINDE,12-11-21,Sound is not cleared,1,0,Black
R2V6QJO0JWDAP5,ANUJ,09-01-22,No bass. Poor battery life. It seems like i have a Chinese speaker which is shouting loudly.,1,0,Blue
RWLGQPGYRKTG3,Prakhar Agrawal,11-02-22,Good enough in just 899,1,0,Red
R3O9EHWQGIUHN3,Kaushik,05-10-21,The worst bass ever for a budget speaker,1,0,Black
R4CJVEZW0UOQL,Sujay thalluri,21-02-22,Playback time is not 10 hoursit very less,1,0,Black
RIJEOQRK9KF1Y,V. Kalaiselvimbs,18-02-21,Fm not supporting,1,0,Black
R3GTY7G0AVFH4O,Vandana Verma,07-12-21,battery quality,1,0,Black
RZS88NHVF055W,Vinod Yadav,27-01-22,Battery life is weak,1,0,Black
RG8V8KNJPA36K,SHAILESH UMATHE,10-12-21,Waste of money,1,0,Black
R3NWMXSU4RYIYX,kumar swamy,28-10-21,worst quality,1,0,Red
R1IFYHFX6ZF4N7,Veena,08-11-21,"It stopped working within a week  , just lying",1,0,Black
R2OEFGJVLQXCO8,Anton,23-02-22,Poor Sound Quality,1,0,Red
R32R0ZDTDF74O6,Ravi,15-11-21,Fuddu item,1,0,Red
R1JZFFWZISBNYY,MD Abujafar,09-12-21,Battery,1,0,Black
R186H1REMUIV7M,Reena,24-01-22,M disappointed bcs Its not working,1,0,Red
R20FYE0SU5ICUQ,Piyush ranjan,05-11-21,"Not good , battery issue , sound having like kich kich tip of voice ,",1,0,Black
R15RXIASPCTCSN,Nilesh Tanwar,15-12-21,Battery backup not good,1,0,Red
R1EKU8HR5PBPNA,Tripathi Divyanshu,28-11-21,Very low sound,1,0,Black
R3NGSDPP750QK3,Vaibhav Agrahari,06-02-22,Sound and battery backup is so low.,1,0,Blue
R1F8HZ7F8BLI82,Subir Marjit,28-12-20,Sound quality,1,0,Blue
R30ZMFRP3CCIQQ,Sathish,05-03-22,Simply waste,1,0,Black
R1EJ8ZZI57GTYP,rohit,02-03-22,Need improvement in battery life,1,0,Blue
R2SIMKQUKJGEUR,venu,21-10-21,"dont purchase this very bad product, Bluetooth also not working",1,0,Black
R1C3CL0W5SGLTW,vivek bharti,03-02-22,Not so good nd loud sound....,1,0,Red
R337K2ELUQK38Q,Abhimanu sakkarwal,20-02-22,Ek dam ghatiya product hai or volume bhi khas nhi hai,1,0,Black
R303X1JZKA02QU,Phalkesh singh jadon,21-08-21,Battery and bass of sound is very poor,1,0,Red
R1SE74FR9JTUYS,swathi,02-02-22,Worst,1,0,Red
R3941LYB0QYBIL,Amazon Customer,08-01-22,Battery pack is very poor always connected charger,1,0,Black
R2A62CFN56QYTW,Kj,15-10-21,Bluetooth connectivity is very bad,1,0,Black
R2NJL3OHHCKOPP,Rahul Pal,05-09-21,Waste of money don't buy I purchase it @800,1,0,Red
R5S169XM0UI8I,Molshree,05-01-22,Voice quality is not good,1,0,Black
RQ9EAWYMDNYCD,Imtias basha,13-01-22,on,1,0,Black
R3M579HO5XNG92,Bharadwaj U.,23-01-22,Waste of purchase...,1,0,Blue
R2ZNIUM5CATMIX,Kartik Verma,31-10-21,Worst product,1,0,Black
R2E82LI7PF5ARW,Mr Singh,10-11-21,Worst product,1,0,Blue
R3PN46BIAD8DLS,madhu,22-11-21,Connected with my iPhone and the volume is very low.,1,0,Red
R1WWOYM3QNKA9Z,Manju Rao Ghare ,21-10-21,Speaker volume is very less.But ok for single person use.,1,0,Red
R3TCNKM1KF8HM4,Naresh,26-09-21,Don't waste your money very poor quality of sound,1,0,Blue
R1UAGW2LGKQXB0,Sonal sonal,22-09-21,Sound not very high and its button very difficult  to on off,1,0,Blue
R8ZQGIV2WZ7N8,Bikash Ranjan Mangaraj,27-10-21,Not good,1,0,Red
R3BYSOUQ94L54V,Amit kumar Shukla,12-11-21,Poor battery and connectivity issue.,1,0,Blue
R1X3OUVTCA9VQA,Bishan Bhandari,21-01-22,Sound quality is bad and range is to short,1,0,Blue
R1AFPBEDJ80X3S,Mahesh p,10-10-21,Only empty box .... No speaker in the box,1,0,Black
R179O6WFB3K5DT,harsh deep,12-12-21,Don‚Äôt parchase product bettery problem bettery not working,1,0,Black
R2RIGIZH476XR,Vinay Vishwakarma,18-02-22,Battery life,1,0,Black
R12WTW3EFDBDA0,Shyamlalprasad,07-10-21,sound thik nhi hai,1,0,Black
R1AE43SRT6R1NL,Amazon Customer,11-01-21,Do not buy,1,0,Blue
RR48JL60R17FM,Rajat,14-11-21,poor quality,1,0,Black
R3GW1ZL6YDPWHS,Amazon Customer,10-08-21,"Low battery backup , disconnecting bluetooth.worst product",1,0,Red
R2HREAZ9D9QCU1,Sudheer,17-08-21,Replaced & again device not charging,1,0,Black
R1UQ3BGOOZEGN7,Saikumar Budige,08-02-21,Wordt,1,0,Blue
R35VVOWC4KELQL,Mahe,07-01-22,Very worst product,1,0,Black
R11RBZMK83B0GY,MD Khushdil,12-11-21,Sound quality is not good,1,0,Black
R2N230B7Q61HDS,Akhil,13-10-21,Waste of money,1,0,Black
R75S6N929X21U,Ramachandran,15-10-21,Low volume,1,0,Red
R13G856LE6N9OL,Abhishek Yadav,03-09-21,Miserable,1,0,Red
R12ZWIVC7B8QIW,VIPUL VAIBHAV MISHRA,17-01-22,Received damaged packaging (inside the box) . Used product is delivered,1,0,Blue
R2ACOY7WXCAGH,Amazon Customer,27-02-22,It's worst product. Not working,1,0,Blue
R2F9O1SB9L45OV,Nisha T.,26-11-21,It's not working after 1 month of use,1,0,Black
RO9I58593JT6F,Finella dcruz,13-12-21,"Very ,very bad product",1,0,Blue
R258HGOR4LOLDD,Avinash Pokharna,24-12-21,Voice not clear,1,0,Blue
R33AASUN3QK0KM,Ankit joshi,27-12-21,West mony,1,0,Black
R2AD33V3KW02YN,sartaz shaiyed,30-11-21,üíîü•∫,1,0,Black
R1I86NEKJL7HYX,Bijesh Kumar,18-11-21,‡§ï‡•Å‡§õ ‡§Ö‡§ö‡•ç‡§õ‡§æ ‡§®‡§π‡•Ä‡§Ç ‡§≤‡§ó‡§æ‡•§ ‡•§‡•§,1,0,Blue
R3KJUQ4HMXP4RV,Amazon Customer,11-11-21,West of money,1,0,Red
R1HDCRRYRV5KGJ,Ayat,17-11-21,Very useless,1,0,Black
R1MHTTCPU8OIRN,PARVEEN kumar,11-11-21,‡§¨‡•á‡§ï‡§æ‡§∞ ‡§™‡•ç‡§∞‡•ã‡§°‡§ï‡•ç‡§ü,1,0,Black
R14TDGXSLFBAH5,Ranvir,08-10-21,Waste of money..,1,0,Black
R15SOBUZ72AFPI,Jay,14-11-21,Sound quality bad,1,0,Blue
R1DVGIA15XEU5Q,Prabha Antony,09-10-21,Defective product,1,0,Black
R396E2U35U2YDS,imran k.,14-10-21,very bad sound qality west of money,1,0,Black
R1MRNDQ2AUWSMO,Prayag p,16-01-22,Battery life is too bad,1,0,Black
RFM1MDLESJHCC,Mukta Mondal,01-01-22,Damage product ü•∫,1,0,Blue
RKDHV4IBTYOP5,M.Sandhya,07-03-22,Worst product...battery is just 830mah....not at all useful product..plz don't buy,1,0,Red
R381ATV4K2UFNL,Ajay Kumar Sharma,13-02-21,Sound quality not good,1,0,Red
RFUML9074P7A4,GRAVSHA,28-09-21,so poor battery life,1,0,Blue
R2X3HAOUG2TJGD,Priti Tanwar,22-02-22,Item is Not working within a month,1,0,Red
R3CW0QVXN58Y02,Deep Computer,06-11-21,Battry,1,0,Black
R1A8KW50UQ3MCP,pankaj,26-10-21,Plzz refund me product is very poor,1,0,Black
R8983RNCN9VQZ,Harsh Parasrampuria,26-08-21,Its Waste,1,0,Red
R3EXO8FQNLO1VS,Jay aghera,15-02-22,Received damaged product,1,0,Black
RCOZ032N559MW,Priyanshu Parasar,16-09-21,Very bad,1,0,Blue
R3UQYCKNHBPRVI,Aadit,11-01-22,Very bad experience. Worst product and not recommended poor customer care service,1,0,Red
R2ZMDUZ2O0J2SO,Ketan Chandpa,02-01-22,Worst product ever,1,0,Red
RFLR70TW07N7C,Vicky,15-01-22,Lost money,1,0,Black
R2NPSEUK4G0VOO,Ganesan,19-12-21,The sound is very wort  and mic is not working,1,0,Red
RLC8R9VHX9B4A,B.D. Kotarya,07-11-21,Bad canectivity,1,0,Red
R1Z2ZH9DDUP9HN,Samarth S.,18-02-22,Bass,1,0,Blue
R3DNAUOVL4X469,Uday kumar singh,12-12-21,Not Good,1,0,Black
R22R0YP76XA5JR,Vinay Kumar,28-10-21,Sound quality is good best quality is good battery backup is not good,1,0,Black
R2EWDZXI6EKO3E,Tappan malik,11-10-21,Very bad,1,0,Red
R1LH1AC2RT3Y9B,Hanumanthu brahmendra,21-02-22,Not working in battery life,1,0,Red
R29KJM4WEX8UJ4,G.Akhil prince,25-12-21,Wast brand,1,0,Black
R1359NSLQK0C0K,Salina,24-10-21,Sound quality  is not good,1,0,Blue
R3IDZK9HSY0WDH,Raju,30-01-21,Bad,1,0,Blue
R2VJ6Y6U0NXIUB,Jignesh k prajapati,27-12-20,Not good bass,1,0,Black
R1ZCEV6S15100,Sapna K.,24-10-21,Used and damaged package,1,0,Black
R22EIPOSIYLEAQ,Amazon Customer,25-10-21,Sound quality very low,1,0,Black
R1HAJDI42YLGZA,satyanarayana allu,15-09-21,Don't by this product West,1,0,Blue
R3KUY8U7ZFP8SV,Bindu Das,19-10-21,Bad,1,0,Black
R1J3R0TTBEUT0R,Vikas gupta,03-10-21,Return my money,1,0,Blue
R2RQNNJOL2I3P6,Deep Paul,23-10-21,Sound quality not good,1,0,Blue
R3NNPZ3ULWUD77,Neha Verma,27-02-22,It's not good sound,1,0,Red
RXSMQ374FAS9E,suman bhowmik,25-10-21,This product is very bad quality is very bad,1,0,Black
R1ULOGMF70ER80,Siddhi khandelwal,12-01-21,Worsttt,1,0,Blue
R3GHDYDPAHWWL4,Sanaullah,22-11-21,Very very very bad,1,0,Blue
R2UDTS5I41CAR3,sanjay jat,26-12-21,Average,1,0,Blue
ROR3KTE84YXF8,Engala Srikanth,02-02-22,Bad sound quality,1,0,Black
R1ZJPGP7YZ34FF,G. P BHANOT,17-01-22,Missing data cable Aur audio cable,1,0,Blue
R3MSQQYHFIDICT,Dinesh,26-12-20,Waste of money,1,0,Black
R1OTIHIQM71UPL,ajmer singh,06-11-21,Very nice product,1,0,Blue
RVIZCKF1E87A7,rajeev,05-03-22,Average,1,0,Black
R1RIURDPT7DYI7,Sujeet Sahani,08-10-21,Good,1,0,Black
R3HSH4Q9WV3GRP,Vinay Pathania,12-01-22,Waste of money,1,0,Blue
R1Q5K4RWJB8LP2,Amit Mishra,30-01-22,Never buy this product..sound quality is poor.,1,0,Black
R2XR0BTHBJUYTX,sunny21,13-10-21,worst,1,0,Blue
R2JF1JTUSBQMMO,Madhukar shetty,23-10-21,This product not happy,1,0,Red
R39LF5Z5CZZCKI,Dr. Yash Pawar,25-08-21,Muffled sound,1,0,Blue
R31SBHHHXF9WAW,Dr.VISHNU AMETA,10-10-21,Problem with charging and got heat in few minutes,1,0,Blue
R11GW7USZNHHJY,Chandra vardhan,25-02-21,Worst product,1,0,Black
R1P5YJBT9CWVPH,Yashita sharma,20-11-21,Bad product,1,0,Black
R2HHRZ0QDN6AA6,Bikram chakraborty,03-11-21,Should be better,1,0,Red
R112MEX9TUNBZN,ram singh,12-02-21,Good item,1,0,Blue
R3DH6SK086NIO5,Amit Singh,12-02-22,ü§Æü§Æü§Æü§Æü§Æ,1,0,Black
R3TIG3TXBCFKUI,jaleshwar,24-12-21,üòÇüòÇüòÇ,1,0,Black
R31TNII8WOWFLO,Gopal kumar,02-02-22,Sound quality is very poor,1,0,Blue
R1U6LHXZ0Q9H99,Triveni,13-12-21,Sound qwality is not gud,1,0,Blue
R3U1K93TW9WPG5,Deepika,28-12-21,Sound small laud,1,0,Black
R3J4SPQB2NC7MM,Md Rahmatullah,21-11-21,Bad,1,0,Blue
R3EBKH9CEWCRII,lakshminarayana,13-02-22,Very bad,1,0,Black
R30Q04QZE2TVBC,Yogesh komatwar,18-11-21,Very bad,1,0,Blue
R141LF3DZXZQZ0,Sahil Ansari,27-10-21,Very poor itam battery time is 5 hours,1,0,Black
R1UIUF7JU4Y8NO,Aravind,10-09-21,Waste of money,1,0,Blue
R2I01OHI1M89OL,Manish K.,29-10-21,Fraud Company,1,0,Red
R2ABAK7MNIMDOP,Deepa,21-10-21,Not at all a Bluetooth speaker,1,0,Black
R24PGLZ66HZ67A,Mahesh,12-02-22,stopped working after 1 month,1,0,Red
RHLPCB87PRNOR,You don't need to know my name,04-10-21,Total garbage,1,0,Black
R1RJZ5YQ5Y8G3L,Adil Afridi,27-10-21,Amazon can't help,1,0,Blue
R1QTWHAVADYN7T,Nirav H.,28-12-21,its not up to the mark product,1,0,Black
RRFLL2O8ZQF3D,Anushka ,27-02-22,I got the broken speaker ad infct have not got any replacmnt,1,0,Black
R2CTKYIW65UYTQ,Rakesh D.,16-01-22,The most useless and worst product I've ever used,1,0,Red
R17KCNKSHIPEH2,Likhithesh,12-11-21,Base is very poor don't purchase,1,0,Blue
